2026-05-25 02:54:21: Traceback (most recent call last):
2026-05-25 02:54:21:   File "C:\Users\USER\AppData\Local\Programs\Python\Python310\lib\runpy.py", line 196, in _run_module_as_main
2026-05-25 02:54:21:     return _run_code(code, main_globals, None,
2026-05-25 02:54:21:   File "C:\Users\USER\AppData\Local\Programs\Python\Python310\lib\runpy.py", line 86, in _run_code
2026-05-25 02:54:21:     exec(code, run_globals)
2026-05-25 02:54:21:   File "C:\Users\USER\AppData\Local\Programs\Python\Python310\Scripts\uvicorn.exe\__main__.py", line 7, in <module>
2026-05-25 02:54:21:     sys.exit(main())
2026-05-25 02:54:21:   File "C:\Users\USER\AppData\Local\Programs\Python\Python310\lib\site-packages\click\core.py", line 1485, in __call__
2026-05-25 02:54:21:     return self.main(*args, **kwargs)
2026-05-25 02:54:21:   File "C:\Users\USER\AppData\Local\Programs\Python\Python310\lib\site-packages\click\core.py", line 1406, in main
2026-05-25 02:54:21:     rv = self.invoke(ctx)
2026-05-25 02:54:21:   File "C:\Users\USER\AppData\Local\Programs\Python\Python310\lib\site-packages\click\core.py", line 1269, in invoke
2026-05-25 02:54:21:     return ctx.invoke(self.callback, **ctx.params)
2026-05-25 02:54:21:   File "C:\Users\USER\AppData\Local\Programs\Python\Python310\lib\site-packages\click\core.py", line 824, in invoke
2026-05-25 02:54:21:     return callback(*args, **kwargs)
2026-05-25 02:54:21:   File "C:\Users\USER\AppData\Local\Programs\Python\Python310\lib\site-packages\uvicorn\main.py", line 433, in main
2026-05-25 02:54:21:     run(
2026-05-25 02:54:21:   File "C:\Users\USER\AppData\Local\Programs\Python\Python310\lib\site-packages\uvicorn\main.py", line 606, in run
2026-05-25 02:54:21:     server.run()
2026-05-25 02:54:21:   File "C:\Users\USER\AppData\Local\Programs\Python\Python310\lib\site-packages\uvicorn\server.py", line 75, in run
2026-05-25 02:54:21:     return asyncio_run(self.serve(sockets=sockets), loop_factory=self.config.get_loop_factory())
2026-05-25 02:54:21:   File "C:\Users\USER\AppData\Local\Programs\Python\Python310\lib\site-packages\uvicorn\_compat.py", line 60, in asyncio_run
2026-05-25 02:54:21:     return loop.run_until_complete(main)
2026-05-25 02:54:21:   File "C:\Users\USER\AppData\Local\Programs\Python\Python310\lib\asyncio\base_events.py", line 649, in run_until_complete
2026-05-25 02:54:21:     return future.result()
2026-05-25 02:54:21:   File "C:\Users\USER\AppData\Local\Programs\Python\Python310\lib\site-packages\uvicorn\server.py", line 79, in serve
2026-05-25 02:54:21:     await self._serve(sockets)
2026-05-25 02:54:21:   File "C:\Users\USER\AppData\Local\Programs\Python\Python310\lib\site-packages\uvicorn\server.py", line 86, in _serve
2026-05-25 02:54:21:     config.load()
2026-05-25 02:54:21:   File "C:\Users\USER\AppData\Local\Programs\Python\Python310\lib\site-packages\uvicorn\config.py", line 441, in load
2026-05-25 02:54:21:     self.loaded_app = import_from_string(self.app)
2026-05-25 02:54:21:   File "C:\Users\USER\AppData\Local\Programs\Python\Python310\lib\site-packages\uvicorn\importer.py", line 22, in import_from_string
2026-05-25 02:54:21:     raise exc from None
2026-05-25 02:54:21:   File "C:\Users\USER\AppData\Local\Programs\Python\Python310\lib\site-packages\uvicorn\importer.py", line 19, in import_from_string
2026-05-25 02:54:21:     module = importlib.import_module(module_str)
2026-05-25 02:54:21:   File "C:\Users\USER\AppData\Local\Programs\Python\Python310\lib\importlib\__init__.py", line 126, in import_module
2026-05-25 02:54:21:     return _bootstrap._gcd_import(name[level:], package, level)
2026-05-25 02:54:21:   File "<frozen importlib._bootstrap>", line 1050, in _gcd_import
2026-05-25 02:54:21:   File "<frozen importlib._bootstrap>", line 1027, in _find_and_load
2026-05-25 02:54:21:   File "<frozen importlib._bootstrap>", line 1006, in _find_and_load_unlocked
2026-05-25 02:54:21:   File "<frozen importlib._bootstrap>", line 688, in _load_unlocked
2026-05-25 02:54:21:   File "<frozen importlib._bootstrap_external>", line 883, in exec_module
2026-05-25 02:54:21:   File "<frozen importlib._bootstrap>", line 241, in _call_with_frames_removed
2026-05-25 02:54:21:   File "C:\seismocluster\backend\api\main.py", line 8, in <module>
2026-05-25 02:54:21:     from api.routes import ml, earthquake, cluster, summary
2026-05-25 02:54:21:   File "C:\seismocluster\backend\api\routes\ml.py", line 4, in <module>
2026-05-25 02:54:21:     import mlflow
2026-05-25 02:54:21: ModuleNotFoundError: No module named 'mlflow'
2026-05-25 02:54:28: Traceback (most recent call last):
2026-05-25 02:54:28:   File "C:\Users\USER\AppData\Local\Programs\Python\Python310\lib\runpy.py", line 196, in _run_module_as_main
2026-05-25 02:54:28:     return _run_code(code, main_globals, None,
2026-05-25 02:54:28:   File "C:\Users\USER\AppData\Local\Programs\Python\Python310\lib\runpy.py", line 86, in _run_code
2026-05-25 02:54:28:     exec(code, run_globals)
2026-05-25 02:54:28:   File "C:\Users\USER\AppData\Local\Programs\Python\Python310\Scripts\uvicorn.exe\__main__.py", line 7, in <module>
2026-05-25 02:54:28:     sys.exit(main())
2026-05-25 02:54:28:   File "C:\Users\USER\AppData\Local\Programs\Python\Python310\lib\site-packages\click\core.py", line 1485, in __call__
2026-05-25 02:54:28:     return self.main(*args, **kwargs)
2026-05-25 02:54:28:   File "C:\Users\USER\AppData\Local\Programs\Python\Python310\lib\site-packages\click\core.py", line 1406, in main
2026-05-25 02:54:28:     rv = self.invoke(ctx)
2026-05-25 02:54:28:   File "C:\Users\USER\AppData\Local\Programs\Python\Python310\lib\site-packages\click\core.py", line 1269, in invoke
2026-05-25 02:54:28:     return ctx.invoke(self.callback, **ctx.params)
2026-05-25 02:54:28:   File "C:\Users\USER\AppData\Local\Programs\Python\Python310\lib\site-packages\click\core.py", line 824, in invoke
2026-05-25 02:54:28:     return callback(*args, **kwargs)
2026-05-25 02:54:28:   File "C:\Users\USER\AppData\Local\Programs\Python\Python310\lib\site-packages\uvicorn\main.py", line 433, in main
2026-05-25 02:54:28:     run(
2026-05-25 02:54:28:   File "C:\Users\USER\AppData\Local\Programs\Python\Python310\lib\site-packages\uvicorn\main.py", line 606, in run
2026-05-25 02:54:28:     server.run()
2026-05-25 02:54:28:   File "C:\Users\USER\AppData\Local\Programs\Python\Python310\lib\site-packages\uvicorn\server.py", line 75, in run
2026-05-25 02:54:28:     return asyncio_run(self.serve(sockets=sockets), loop_factory=self.config.get_loop_factory())
2026-05-25 02:54:28:   File "C:\Users\USER\AppData\Local\Programs\Python\Python310\lib\site-packages\uvicorn\_compat.py", line 60, in asyncio_run
2026-05-25 02:54:28:     return loop.run_until_complete(main)
2026-05-25 02:54:28:   File "C:\Users\USER\AppData\Local\Programs\Python\Python310\lib\asyncio\base_events.py", line 649, in run_until_complete
2026-05-25 02:54:28:     return future.result()
2026-05-25 02:54:28:   File "C:\Users\USER\AppData\Local\Programs\Python\Python310\lib\site-packages\uvicorn\server.py", line 79, in serve
2026-05-25 02:54:28:     await self._serve(sockets)
2026-05-25 02:54:28:   File "C:\Users\USER\AppData\Local\Programs\Python\Python310\lib\site-packages\uvicorn\server.py", line 86, in _serve
2026-05-25 02:54:28:     config.load()
2026-05-25 02:54:28:   File "C:\Users\USER\AppData\Local\Programs\Python\Python310\lib\site-packages\uvicorn\config.py", line 441, in load
2026-05-25 02:54:28:     self.loaded_app = import_from_string(self.app)
2026-05-25 02:54:28:   File "C:\Users\USER\AppData\Local\Programs\Python\Python310\lib\site-packages\uvicorn\importer.py", line 22, in import_from_string
2026-05-25 02:54:28:     raise exc from None
2026-05-25 02:54:28:   File "C:\Users\USER\AppData\Local\Programs\Python\Python310\lib\site-packages\uvicorn\importer.py", line 19, in import_from_string
2026-05-25 02:54:28:     module = importlib.import_module(module_str)
2026-05-25 02:54:28:   File "C:\Users\USER\AppData\Local\Programs\Python\Python310\lib\importlib\__init__.py", line 126, in import_module
2026-05-25 02:54:28:     return _bootstrap._gcd_import(name[level:], package, level)
2026-05-25 02:54:28:   File "<frozen importlib._bootstrap>", line 1050, in _gcd_import
2026-05-25 02:54:28:   File "<frozen importlib._bootstrap>", line 1027, in _find_and_load
2026-05-25 02:54:28:   File "<frozen importlib._bootstrap>", line 1006, in _find_and_load_unlocked
2026-05-25 02:54:28:   File "<frozen importlib._bootstrap>", line 688, in _load_unlocked
2026-05-25 02:54:28:   File "<frozen importlib._bootstrap_external>", line 883, in exec_module
2026-05-25 02:54:28:   File "<frozen importlib._bootstrap>", line 241, in _call_with_frames_removed
2026-05-25 02:54:28:   File "C:\seismocluster\backend\api\main.py", line 8, in <module>
2026-05-25 02:54:28:     from api.routes import ml, earthquake, cluster, summary
2026-05-25 02:54:28:   File "C:\seismocluster\backend\api\routes\ml.py", line 4, in <module>
2026-05-25 02:54:28:     import mlflow
2026-05-25 02:54:28: ModuleNotFoundError: No module named 'mlflow'
2026-05-25 02:54:35: Traceback (most recent call last):
2026-05-25 02:54:35:   File "C:\Users\USER\AppData\Local\Programs\Python\Python310\lib\runpy.py", line 196, in _run_module_as_main
2026-05-25 02:54:35:     return _run_code(code, main_globals, None,
2026-05-25 02:54:35:   File "C:\Users\USER\AppData\Local\Programs\Python\Python310\lib\runpy.py", line 86, in _run_code
2026-05-25 02:54:35:     exec(code, run_globals)
2026-05-25 02:54:35:   File "C:\Users\USER\AppData\Local\Programs\Python\Python310\Scripts\uvicorn.exe\__main__.py", line 7, in <module>
2026-05-25 02:54:35:     sys.exit(main())
2026-05-25 02:54:35:   File "C:\Users\USER\AppData\Local\Programs\Python\Python310\lib\site-packages\click\core.py", line 1485, in __call__
2026-05-25 02:54:35:     return self.main(*args, **kwargs)
2026-05-25 02:54:35:   File "C:\Users\USER\AppData\Local\Programs\Python\Python310\lib\site-packages\click\core.py", line 1406, in main
2026-05-25 02:54:35:     rv = self.invoke(ctx)
2026-05-25 02:54:35:   File "C:\Users\USER\AppData\Local\Programs\Python\Python310\lib\site-packages\click\core.py", line 1269, in invoke
2026-05-25 02:54:35:     return ctx.invoke(self.callback, **ctx.params)
2026-05-25 02:54:35:   File "C:\Users\USER\AppData\Local\Programs\Python\Python310\lib\site-packages\click\core.py", line 824, in invoke
2026-05-25 02:54:35:     return callback(*args, **kwargs)
2026-05-25 02:54:35:   File "C:\Users\USER\AppData\Local\Programs\Python\Python310\lib\site-packages\uvicorn\main.py", line 433, in main
2026-05-25 02:54:35:     run(
2026-05-25 02:54:35:   File "C:\Users\USER\AppData\Local\Programs\Python\Python310\lib\site-packages\uvicorn\main.py", line 606, in run
2026-05-25 02:54:35:     server.run()
2026-05-25 02:54:35:   File "C:\Users\USER\AppData\Local\Programs\Python\Python310\lib\site-packages\uvicorn\server.py", line 75, in run
2026-05-25 02:54:35:     return asyncio_run(self.serve(sockets=sockets), loop_factory=self.config.get_loop_factory())
2026-05-25 02:54:35:   File "C:\Users\USER\AppData\Local\Programs\Python\Python310\lib\site-packages\uvicorn\_compat.py", line 60, in asyncio_run
2026-05-25 02:54:35:     return loop.run_until_complete(main)
2026-05-25 02:54:35:   File "C:\Users\USER\AppData\Local\Programs\Python\Python310\lib\asyncio\base_events.py", line 649, in run_until_complete
2026-05-25 02:54:35:     return future.result()
2026-05-25 02:54:35:   File "C:\Users\USER\AppData\Local\Programs\Python\Python310\lib\site-packages\uvicorn\server.py", line 79, in serve
2026-05-25 02:54:35:     await self._serve(sockets)
2026-05-25 02:54:35:   File "C:\Users\USER\AppData\Local\Programs\Python\Python310\lib\site-packages\uvicorn\server.py", line 86, in _serve
2026-05-25 02:54:35:     config.load()
2026-05-25 02:54:35:   File "C:\Users\USER\AppData\Local\Programs\Python\Python310\lib\site-packages\uvicorn\config.py", line 441, in load
2026-05-25 02:54:35:     self.loaded_app = import_from_string(self.app)
2026-05-25 02:54:35:   File "C:\Users\USER\AppData\Local\Programs\Python\Python310\lib\site-packages\uvicorn\importer.py", line 22, in import_from_string
2026-05-25 02:54:35:     raise exc from None
2026-05-25 02:54:35:   File "C:\Users\USER\AppData\Local\Programs\Python\Python310\lib\site-packages\uvicorn\importer.py", line 19, in import_from_string
2026-05-25 02:54:35:     module = importlib.import_module(module_str)
2026-05-25 02:54:35:   File "C:\Users\USER\AppData\Local\Programs\Python\Python310\lib\importlib\__init__.py", line 126, in import_module
2026-05-25 02:54:35:     return _bootstrap._gcd_import(name[level:], package, level)
2026-05-25 02:54:35:   File "<frozen importlib._bootstrap>", line 1050, in _gcd_import
2026-05-25 02:54:35:   File "<frozen importlib._bootstrap>", line 1027, in _find_and_load
2026-05-25 02:54:35:   File "<frozen importlib._bootstrap>", line 1006, in _find_and_load_unlocked
2026-05-25 02:54:35:   File "<frozen importlib._bootstrap>", line 688, in _load_unlocked
2026-05-25 02:54:35:   File "<frozen importlib._bootstrap_external>", line 883, in exec_module
2026-05-25 02:54:35:   File "<frozen importlib._bootstrap>", line 241, in _call_with_frames_removed
2026-05-25 02:54:35:   File "C:\seismocluster\backend\api\main.py", line 8, in <module>
2026-05-25 02:54:35:     from api.routes import ml, earthquake, cluster, summary
2026-05-25 02:54:35:   File "C:\seismocluster\backend\api\routes\ml.py", line 4, in <module>
2026-05-25 02:54:35:     import mlflow
2026-05-25 02:54:35: ModuleNotFoundError: No module named 'mlflow'
2026-05-25 02:54:41: Traceback (most recent call last):
2026-05-25 02:54:41:   File "C:\Users\USER\AppData\Local\Programs\Python\Python310\lib\runpy.py", line 196, in _run_module_as_main
2026-05-25 02:54:41:     return _run_code(code, main_globals, None,
2026-05-25 02:54:41:   File "C:\Users\USER\AppData\Local\Programs\Python\Python310\lib\runpy.py", line 86, in _run_code
2026-05-25 02:54:41:     exec(code, run_globals)
2026-05-25 02:54:41:   File "C:\Users\USER\AppData\Local\Programs\Python\Python310\Scripts\uvicorn.exe\__main__.py", line 7, in <module>
2026-05-25 02:54:41:     sys.exit(main())
2026-05-25 02:54:41:   File "C:\Users\USER\AppData\Local\Programs\Python\Python310\lib\site-packages\click\core.py", line 1485, in __call__
2026-05-25 02:54:41:     return self.main(*args, **kwargs)
2026-05-25 02:54:41:   File "C:\Users\USER\AppData\Local\Programs\Python\Python310\lib\site-packages\click\core.py", line 1406, in main
2026-05-25 02:54:41:     rv = self.invoke(ctx)
2026-05-25 02:54:41:   File "C:\Users\USER\AppData\Local\Programs\Python\Python310\lib\site-packages\click\core.py", line 1269, in invoke
2026-05-25 02:54:41:     return ctx.invoke(self.callback, **ctx.params)
2026-05-25 02:54:41:   File "C:\Users\USER\AppData\Local\Programs\Python\Python310\lib\site-packages\click\core.py", line 824, in invoke
2026-05-25 02:54:41:     return callback(*args, **kwargs)
2026-05-25 02:54:41:   File "C:\Users\USER\AppData\Local\Programs\Python\Python310\lib\site-packages\uvicorn\main.py", line 433, in main
2026-05-25 02:54:41:     run(
2026-05-25 02:54:41:   File "C:\Users\USER\AppData\Local\Programs\Python\Python310\lib\site-packages\uvicorn\main.py", line 606, in run
2026-05-25 02:54:41:     server.run()
2026-05-25 02:54:41:   File "C:\Users\USER\AppData\Local\Programs\Python\Python310\lib\site-packages\uvicorn\server.py", line 75, in run
2026-05-25 02:54:41:     return asyncio_run(self.serve(sockets=sockets), loop_factory=self.config.get_loop_factory())
2026-05-25 02:54:41:   File "C:\Users\USER\AppData\Local\Programs\Python\Python310\lib\site-packages\uvicorn\_compat.py", line 60, in asyncio_run
2026-05-25 02:54:41:     return loop.run_until_complete(main)
2026-05-25 02:54:41:   File "C:\Users\USER\AppData\Local\Programs\Python\Python310\lib\asyncio\base_events.py", line 649, in run_until_complete
2026-05-25 02:54:41:     return future.result()
2026-05-25 02:54:41:   File "C:\Users\USER\AppData\Local\Programs\Python\Python310\lib\site-packages\uvicorn\server.py", line 79, in serve
2026-05-25 02:54:41:     await self._serve(sockets)
2026-05-25 02:54:41:   File "C:\Users\USER\AppData\Local\Programs\Python\Python310\lib\site-packages\uvicorn\server.py", line 86, in _serve
2026-05-25 02:54:41:     config.load()
2026-05-25 02:54:41:   File "C:\Users\USER\AppData\Local\Programs\Python\Python310\lib\site-packages\uvicorn\config.py", line 441, in load
2026-05-25 02:54:41:     self.loaded_app = import_from_string(self.app)
2026-05-25 02:54:41:   File "C:\Users\USER\AppData\Local\Programs\Python\Python310\lib\site-packages\uvicorn\importer.py", line 22, in import_from_string
2026-05-25 02:54:41:     raise exc from None
2026-05-25 02:54:41:   File "C:\Users\USER\AppData\Local\Programs\Python\Python310\lib\site-packages\uvicorn\importer.py", line 19, in import_from_string
2026-05-25 02:54:41:     module = importlib.import_module(module_str)
2026-05-25 02:54:41:   File "C:\Users\USER\AppData\Local\Programs\Python\Python310\lib\importlib\__init__.py", line 126, in import_module
2026-05-25 02:54:41:     return _bootstrap._gcd_import(name[level:], package, level)
2026-05-25 02:54:41:   File "<frozen importlib._bootstrap>", line 1050, in _gcd_import
2026-05-25 02:54:41:   File "<frozen importlib._bootstrap>", line 1027, in _find_and_load
2026-05-25 02:54:41:   File "<frozen importlib._bootstrap>", line 1006, in _find_and_load_unlocked
2026-05-25 02:54:41:   File "<frozen importlib._bootstrap>", line 688, in _load_unlocked
2026-05-25 02:54:41:   File "<frozen importlib._bootstrap_external>", line 883, in exec_module
2026-05-25 02:54:41:   File "<frozen importlib._bootstrap>", line 241, in _call_with_frames_removed
2026-05-25 02:54:41:   File "C:\seismocluster\backend\api\main.py", line 8, in <module>
2026-05-25 02:54:41:     from api.routes import ml, earthquake, cluster, summary
2026-05-25 02:54:41:   File "C:\seismocluster\backend\api\routes\ml.py", line 4, in <module>
2026-05-25 02:54:41:     import mlflow
2026-05-25 02:54:41: ModuleNotFoundError: No module named 'mlflow'
2026-05-25 02:54:47: Traceback (most recent call last):
2026-05-25 02:54:47:   File "C:\Users\USER\AppData\Local\Programs\Python\Python310\lib\runpy.py", line 196, in _run_module_as_main
2026-05-25 02:54:47:     return _run_code(code, main_globals, None,
2026-05-25 02:54:47:   File "C:\Users\USER\AppData\Local\Programs\Python\Python310\lib\runpy.py", line 86, in _run_code
2026-05-25 02:54:47:     exec(code, run_globals)
2026-05-25 02:54:47:   File "C:\Users\USER\AppData\Local\Programs\Python\Python310\Scripts\uvicorn.exe\__main__.py", line 7, in <module>
2026-05-25 02:54:47:     sys.exit(main())
2026-05-25 02:54:47:   File "C:\Users\USER\AppData\Local\Programs\Python\Python310\lib\site-packages\click\core.py", line 1485, in __call__
2026-05-25 02:54:47:     return self.main(*args, **kwargs)
2026-05-25 02:54:47:   File "C:\Users\USER\AppData\Local\Programs\Python\Python310\lib\site-packages\click\core.py", line 1406, in main
2026-05-25 02:54:47:     rv = self.invoke(ctx)
2026-05-25 02:54:47:   File "C:\Users\USER\AppData\Local\Programs\Python\Python310\lib\site-packages\click\core.py", line 1269, in invoke
2026-05-25 02:54:47:     return ctx.invoke(self.callback, **ctx.params)
2026-05-25 02:54:47:   File "C:\Users\USER\AppData\Local\Programs\Python\Python310\lib\site-packages\click\core.py", line 824, in invoke
2026-05-25 02:54:47:     return callback(*args, **kwargs)
2026-05-25 02:54:47:   File "C:\Users\USER\AppData\Local\Programs\Python\Python310\lib\site-packages\uvicorn\main.py", line 433, in main
2026-05-25 02:54:47:     run(
2026-05-25 02:54:47:   File "C:\Users\USER\AppData\Local\Programs\Python\Python310\lib\site-packages\uvicorn\main.py", line 606, in run
2026-05-25 02:54:47:     server.run()
2026-05-25 02:54:47:   File "C:\Users\USER\AppData\Local\Programs\Python\Python310\lib\site-packages\uvicorn\server.py", line 75, in run
2026-05-25 02:54:47:     return asyncio_run(self.serve(sockets=sockets), loop_factory=self.config.get_loop_factory())
2026-05-25 02:54:47:   File "C:\Users\USER\AppData\Local\Programs\Python\Python310\lib\site-packages\uvicorn\_compat.py", line 60, in asyncio_run
2026-05-25 02:54:47:     return loop.run_until_complete(main)
2026-05-25 02:54:47:   File "C:\Users\USER\AppData\Local\Programs\Python\Python310\lib\asyncio\base_events.py", line 649, in run_until_complete
2026-05-25 02:54:47:     return future.result()
2026-05-25 02:54:47:   File "C:\Users\USER\AppData\Local\Programs\Python\Python310\lib\site-packages\uvicorn\server.py", line 79, in serve
2026-05-25 02:54:47:     await self._serve(sockets)
2026-05-25 02:54:47:   File "C:\Users\USER\AppData\Local\Programs\Python\Python310\lib\site-packages\uvicorn\server.py", line 86, in _serve
2026-05-25 02:54:47:     config.load()
2026-05-25 02:54:47:   File "C:\Users\USER\AppData\Local\Programs\Python\Python310\lib\site-packages\uvicorn\config.py", line 441, in load
2026-05-25 02:54:47:     self.loaded_app = import_from_string(self.app)
2026-05-25 02:54:47:   File "C:\Users\USER\AppData\Local\Programs\Python\Python310\lib\site-packages\uvicorn\importer.py", line 22, in import_from_string
2026-05-25 02:54:47:     raise exc from None
2026-05-25 02:54:47:   File "C:\Users\USER\AppData\Local\Programs\Python\Python310\lib\site-packages\uvicorn\importer.py", line 19, in import_from_string
2026-05-25 02:54:47:     module = importlib.import_module(module_str)
2026-05-25 02:54:47:   File "C:\Users\USER\AppData\Local\Programs\Python\Python310\lib\importlib\__init__.py", line 126, in import_module
2026-05-25 02:54:47:     return _bootstrap._gcd_import(name[level:], package, level)
2026-05-25 02:54:47:   File "<frozen importlib._bootstrap>", line 1050, in _gcd_import
2026-05-25 02:54:47:   File "<frozen importlib._bootstrap>", line 1027, in _find_and_load
2026-05-25 02:54:47:   File "<frozen importlib._bootstrap>", line 1006, in _find_and_load_unlocked
2026-05-25 02:54:47:   File "<frozen importlib._bootstrap>", line 688, in _load_unlocked
2026-05-25 02:54:47:   File "<frozen importlib._bootstrap_external>", line 883, in exec_module
2026-05-25 02:54:47:   File "<frozen importlib._bootstrap>", line 241, in _call_with_frames_removed
2026-05-25 02:54:47:   File "C:\seismocluster\backend\api\main.py", line 8, in <module>
2026-05-25 02:54:47:     from api.routes import ml, earthquake, cluster, summary
2026-05-25 02:54:47:   File "C:\seismocluster\backend\api\routes\ml.py", line 4, in <module>
2026-05-25 02:54:47:     import mlflow
2026-05-25 02:54:47: ModuleNotFoundError: No module named 'mlflow'
2026-05-25 02:54:54: Traceback (most recent call last):
2026-05-25 02:54:54:   File "C:\Users\USER\AppData\Local\Programs\Python\Python310\lib\runpy.py", line 196, in _run_module_as_main
2026-05-25 02:54:54:     return _run_code(code, main_globals, None,
2026-05-25 02:54:54:   File "C:\Users\USER\AppData\Local\Programs\Python\Python310\lib\runpy.py", line 86, in _run_code
2026-05-25 02:54:54:     exec(code, run_globals)
2026-05-25 02:54:54:   File "C:\Users\USER\AppData\Local\Programs\Python\Python310\Scripts\uvicorn.exe\__main__.py", line 7, in <module>
2026-05-25 02:54:54:     sys.exit(main())
2026-05-25 02:54:54:   File "C:\Users\USER\AppData\Local\Programs\Python\Python310\lib\site-packages\click\core.py", line 1485, in __call__
2026-05-25 02:54:54:     return self.main(*args, **kwargs)
2026-05-25 02:54:54:   File "C:\Users\USER\AppData\Local\Programs\Python\Python310\lib\site-packages\click\core.py", line 1406, in main
2026-05-25 02:54:54:     rv = self.invoke(ctx)
2026-05-25 02:54:54:   File "C:\Users\USER\AppData\Local\Programs\Python\Python310\lib\site-packages\click\core.py", line 1269, in invoke
2026-05-25 02:54:54:     return ctx.invoke(self.callback, **ctx.params)
2026-05-25 02:54:54:   File "C:\Users\USER\AppData\Local\Programs\Python\Python310\lib\site-packages\click\core.py", line 824, in invoke
2026-05-25 02:54:54:     return callback(*args, **kwargs)
2026-05-25 02:54:54:   File "C:\Users\USER\AppData\Local\Programs\Python\Python310\lib\site-packages\uvicorn\main.py", line 433, in main
2026-05-25 02:54:54:     run(
2026-05-25 02:54:54:   File "C:\Users\USER\AppData\Local\Programs\Python\Python310\lib\site-packages\uvicorn\main.py", line 606, in run
2026-05-25 02:54:54:     server.run()
2026-05-25 02:54:54:   File "C:\Users\USER\AppData\Local\Programs\Python\Python310\lib\site-packages\uvicorn\server.py", line 75, in run
2026-05-25 02:54:54:     return asyncio_run(self.serve(sockets=sockets), loop_factory=self.config.get_loop_factory())
2026-05-25 02:54:54:   File "C:\Users\USER\AppData\Local\Programs\Python\Python310\lib\site-packages\uvicorn\_compat.py", line 60, in asyncio_run
2026-05-25 02:54:54:     return loop.run_until_complete(main)
2026-05-25 02:54:54:   File "C:\Users\USER\AppData\Local\Programs\Python\Python310\lib\asyncio\base_events.py", line 649, in run_until_complete
2026-05-25 02:54:54:     return future.result()
2026-05-25 02:54:54:   File "C:\Users\USER\AppData\Local\Programs\Python\Python310\lib\site-packages\uvicorn\server.py", line 79, in serve
2026-05-25 02:54:54:     await self._serve(sockets)
2026-05-25 02:54:54:   File "C:\Users\USER\AppData\Local\Programs\Python\Python310\lib\site-packages\uvicorn\server.py", line 86, in _serve
2026-05-25 02:54:54:     config.load()
2026-05-25 02:54:54:   File "C:\Users\USER\AppData\Local\Programs\Python\Python310\lib\site-packages\uvicorn\config.py", line 441, in load
2026-05-25 02:54:54:     self.loaded_app = import_from_string(self.app)
2026-05-25 02:54:54:   File "C:\Users\USER\AppData\Local\Programs\Python\Python310\lib\site-packages\uvicorn\importer.py", line 22, in import_from_string
2026-05-25 02:54:54:     raise exc from None
2026-05-25 02:54:54:   File "C:\Users\USER\AppData\Local\Programs\Python\Python310\lib\site-packages\uvicorn\importer.py", line 19, in import_from_string
2026-05-25 02:54:54:     module = importlib.import_module(module_str)
2026-05-25 02:54:54:   File "C:\Users\USER\AppData\Local\Programs\Python\Python310\lib\importlib\__init__.py", line 126, in import_module
2026-05-25 02:54:54:     return _bootstrap._gcd_import(name[level:], package, level)
2026-05-25 02:54:54:   File "<frozen importlib._bootstrap>", line 1050, in _gcd_import
2026-05-25 02:54:54:   File "<frozen importlib._bootstrap>", line 1027, in _find_and_load
2026-05-25 02:54:54:   File "<frozen importlib._bootstrap>", line 1006, in _find_and_load_unlocked
2026-05-25 02:54:54:   File "<frozen importlib._bootstrap>", line 688, in _load_unlocked
2026-05-25 02:54:54:   File "<frozen importlib._bootstrap_external>", line 883, in exec_module
2026-05-25 02:54:54:   File "<frozen importlib._bootstrap>", line 241, in _call_with_frames_removed
2026-05-25 02:54:54:   File "C:\seismocluster\backend\api\main.py", line 8, in <module>
2026-05-25 02:54:54:     from api.routes import ml, earthquake, cluster, summary
2026-05-25 02:54:54:   File "C:\seismocluster\backend\api\routes\ml.py", line 4, in <module>
2026-05-25 02:54:54:     import mlflow
2026-05-25 02:54:54: ModuleNotFoundError: No module named 'mlflow'
2026-05-25 02:55:00: Traceback (most recent call last):
2026-05-25 02:55:00:   File "C:\Users\USER\AppData\Local\Programs\Python\Python310\lib\runpy.py", line 196, in _run_module_as_main
2026-05-25 02:55:00:     return _run_code(code, main_globals, None,
2026-05-25 02:55:00:   File "C:\Users\USER\AppData\Local\Programs\Python\Python310\lib\runpy.py", line 86, in _run_code
2026-05-25 02:55:00:     exec(code, run_globals)
2026-05-25 02:55:00:   File "C:\Users\USER\AppData\Local\Programs\Python\Python310\Scripts\uvicorn.exe\__main__.py", line 7, in <module>
2026-05-25 02:55:00:     sys.exit(main())
2026-05-25 02:55:00:   File "C:\Users\USER\AppData\Local\Programs\Python\Python310\lib\site-packages\click\core.py", line 1485, in __call__
2026-05-25 02:55:00:     return self.main(*args, **kwargs)
2026-05-25 02:55:00:   File "C:\Users\USER\AppData\Local\Programs\Python\Python310\lib\site-packages\click\core.py", line 1406, in main
2026-05-25 02:55:00:     rv = self.invoke(ctx)
2026-05-25 02:55:00:   File "C:\Users\USER\AppData\Local\Programs\Python\Python310\lib\site-packages\click\core.py", line 1269, in invoke
2026-05-25 02:55:00:     return ctx.invoke(self.callback, **ctx.params)
2026-05-25 02:55:00:   File "C:\Users\USER\AppData\Local\Programs\Python\Python310\lib\site-packages\click\core.py", line 824, in invoke
2026-05-25 02:55:00:     return callback(*args, **kwargs)
2026-05-25 02:55:00:   File "C:\Users\USER\AppData\Local\Programs\Python\Python310\lib\site-packages\uvicorn\main.py", line 433, in main
2026-05-25 02:55:00:     run(
2026-05-25 02:55:00:   File "C:\Users\USER\AppData\Local\Programs\Python\Python310\lib\site-packages\uvicorn\main.py", line 606, in run
2026-05-25 02:55:00:     server.run()
2026-05-25 02:55:00:   File "C:\Users\USER\AppData\Local\Programs\Python\Python310\lib\site-packages\uvicorn\server.py", line 75, in run
2026-05-25 02:55:00:     return asyncio_run(self.serve(sockets=sockets), loop_factory=self.config.get_loop_factory())
2026-05-25 02:55:00:   File "C:\Users\USER\AppData\Local\Programs\Python\Python310\lib\site-packages\uvicorn\_compat.py", line 60, in asyncio_run
2026-05-25 02:55:00:     return loop.run_until_complete(main)
2026-05-25 02:55:00:   File "C:\Users\USER\AppData\Local\Programs\Python\Python310\lib\asyncio\base_events.py", line 649, in run_until_complete
2026-05-25 02:55:00:     return future.result()
2026-05-25 02:55:00:   File "C:\Users\USER\AppData\Local\Programs\Python\Python310\lib\site-packages\uvicorn\server.py", line 79, in serve
2026-05-25 02:55:00:     await self._serve(sockets)
2026-05-25 02:55:00:   File "C:\Users\USER\AppData\Local\Programs\Python\Python310\lib\site-packages\uvicorn\server.py", line 86, in _serve
2026-05-25 02:55:00:     config.load()
2026-05-25 02:55:00:   File "C:\Users\USER\AppData\Local\Programs\Python\Python310\lib\site-packages\uvicorn\config.py", line 441, in load
2026-05-25 02:55:00:     self.loaded_app = import_from_string(self.app)
2026-05-25 02:55:00:   File "C:\Users\USER\AppData\Local\Programs\Python\Python310\lib\site-packages\uvicorn\importer.py", line 22, in import_from_string
2026-05-25 02:55:00:     raise exc from None
2026-05-25 02:55:00:   File "C:\Users\USER\AppData\Local\Programs\Python\Python310\lib\site-packages\uvicorn\importer.py", line 19, in import_from_string
2026-05-25 02:55:00:     module = importlib.import_module(module_str)
2026-05-25 02:55:00:   File "C:\Users\USER\AppData\Local\Programs\Python\Python310\lib\importlib\__init__.py", line 126, in import_module
2026-05-25 02:55:00:     return _bootstrap._gcd_import(name[level:], package, level)
2026-05-25 02:55:00:   File "<frozen importlib._bootstrap>", line 1050, in _gcd_import
2026-05-25 02:55:00:   File "<frozen importlib._bootstrap>", line 1027, in _find_and_load
2026-05-25 02:55:00:   File "<frozen importlib._bootstrap>", line 1006, in _find_and_load_unlocked
2026-05-25 02:55:00:   File "<frozen importlib._bootstrap>", line 688, in _load_unlocked
2026-05-25 02:55:00:   File "<frozen importlib._bootstrap_external>", line 883, in exec_module
2026-05-25 02:55:00:   File "<frozen importlib._bootstrap>", line 241, in _call_with_frames_removed
2026-05-25 02:55:00:   File "C:\seismocluster\backend\api\main.py", line 8, in <module>
2026-05-25 02:55:00:     from api.routes import ml, earthquake, cluster, summary
2026-05-25 02:55:00:   File "C:\seismocluster\backend\api\routes\ml.py", line 4, in <module>
2026-05-25 02:55:00:     import mlflow
2026-05-25 02:55:00: ModuleNotFoundError: No module named 'mlflow'
2026-05-25 02:55:07: Traceback (most recent call last):
2026-05-25 02:55:07:   File "C:\Users\USER\AppData\Local\Programs\Python\Python310\lib\runpy.py", line 196, in _run_module_as_main
2026-05-25 02:55:07:     return _run_code(code, main_globals, None,
2026-05-25 02:55:07:   File "C:\Users\USER\AppData\Local\Programs\Python\Python310\lib\runpy.py", line 86, in _run_code
2026-05-25 02:55:07:     exec(code, run_globals)
2026-05-25 02:55:07:   File "C:\Users\USER\AppData\Local\Programs\Python\Python310\Scripts\uvicorn.exe\__main__.py", line 7, in <module>
2026-05-25 02:55:07:     sys.exit(main())
2026-05-25 02:55:07:   File "C:\Users\USER\AppData\Local\Programs\Python\Python310\lib\site-packages\click\core.py", line 1485, in __call__
2026-05-25 02:55:07:     return self.main(*args, **kwargs)
2026-05-25 02:55:07:   File "C:\Users\USER\AppData\Local\Programs\Python\Python310\lib\site-packages\click\core.py", line 1406, in main
2026-05-25 02:55:07:     rv = self.invoke(ctx)
2026-05-25 02:55:07:   File "C:\Users\USER\AppData\Local\Programs\Python\Python310\lib\site-packages\click\core.py", line 1269, in invoke
2026-05-25 02:55:07:     return ctx.invoke(self.callback, **ctx.params)
2026-05-25 02:55:07:   File "C:\Users\USER\AppData\Local\Programs\Python\Python310\lib\site-packages\click\core.py", line 824, in invoke
2026-05-25 02:55:07:     return callback(*args, **kwargs)
2026-05-25 02:55:07:   File "C:\Users\USER\AppData\Local\Programs\Python\Python310\lib\site-packages\uvicorn\main.py", line 433, in main
2026-05-25 02:55:07:     run(
2026-05-25 02:55:07:   File "C:\Users\USER\AppData\Local\Programs\Python\Python310\lib\site-packages\uvicorn\main.py", line 606, in run
2026-05-25 02:55:07:     server.run()
2026-05-25 02:55:07:   File "C:\Users\USER\AppData\Local\Programs\Python\Python310\lib\site-packages\uvicorn\server.py", line 75, in run
2026-05-25 02:55:07:     return asyncio_run(self.serve(sockets=sockets), loop_factory=self.config.get_loop_factory())
2026-05-25 02:55:07:   File "C:\Users\USER\AppData\Local\Programs\Python\Python310\lib\site-packages\uvicorn\_compat.py", line 60, in asyncio_run
2026-05-25 02:55:07:     return loop.run_until_complete(main)
2026-05-25 02:55:07:   File "C:\Users\USER\AppData\Local\Programs\Python\Python310\lib\asyncio\base_events.py", line 649, in run_until_complete
2026-05-25 02:55:07:     return future.result()
2026-05-25 02:55:07:   File "C:\Users\USER\AppData\Local\Programs\Python\Python310\lib\site-packages\uvicorn\server.py", line 79, in serve
2026-05-25 02:55:07:     await self._serve(sockets)
2026-05-25 02:55:07:   File "C:\Users\USER\AppData\Local\Programs\Python\Python310\lib\site-packages\uvicorn\server.py", line 86, in _serve
2026-05-25 02:55:07:     config.load()
2026-05-25 02:55:07:   File "C:\Users\USER\AppData\Local\Programs\Python\Python310\lib\site-packages\uvicorn\config.py", line 441, in load
2026-05-25 02:55:07:     self.loaded_app = import_from_string(self.app)
2026-05-25 02:55:07:   File "C:\Users\USER\AppData\Local\Programs\Python\Python310\lib\site-packages\uvicorn\importer.py", line 22, in import_from_string
2026-05-25 02:55:07:     raise exc from None
2026-05-25 02:55:07:   File "C:\Users\USER\AppData\Local\Programs\Python\Python310\lib\site-packages\uvicorn\importer.py", line 19, in import_from_string
2026-05-25 02:55:07:     module = importlib.import_module(module_str)
2026-05-25 02:55:07:   File "C:\Users\USER\AppData\Local\Programs\Python\Python310\lib\importlib\__init__.py", line 126, in import_module
2026-05-25 02:55:07:     return _bootstrap._gcd_import(name[level:], package, level)
2026-05-25 02:55:07:   File "<frozen importlib._bootstrap>", line 1050, in _gcd_import
2026-05-25 02:55:07:   File "<frozen importlib._bootstrap>", line 1027, in _find_and_load
2026-05-25 02:55:07:   File "<frozen importlib._bootstrap>", line 1006, in _find_and_load_unlocked
2026-05-25 02:55:07:   File "<frozen importlib._bootstrap>", line 688, in _load_unlocked
2026-05-25 02:55:07:   File "<frozen importlib._bootstrap_external>", line 883, in exec_module
2026-05-25 02:55:07:   File "<frozen importlib._bootstrap>", line 241, in _call_with_frames_removed
2026-05-25 02:55:07:   File "C:\seismocluster\backend\api\main.py", line 8, in <module>
2026-05-25 02:55:07:     from api.routes import ml, earthquake, cluster, summary
2026-05-25 02:55:07:   File "C:\seismocluster\backend\api\routes\ml.py", line 4, in <module>
2026-05-25 02:55:07:     import mlflow
2026-05-25 02:55:07: ModuleNotFoundError: No module named 'mlflow'
2026-05-25 02:55:13: Traceback (most recent call last):
2026-05-25 02:55:13:   File "C:\Users\USER\AppData\Local\Programs\Python\Python310\lib\runpy.py", line 196, in _run_module_as_main
2026-05-25 02:55:13:     return _run_code(code, main_globals, None,
2026-05-25 02:55:13:   File "C:\Users\USER\AppData\Local\Programs\Python\Python310\lib\runpy.py", line 86, in _run_code
2026-05-25 02:55:13:     exec(code, run_globals)
2026-05-25 02:55:13:   File "C:\Users\USER\AppData\Local\Programs\Python\Python310\Scripts\uvicorn.exe\__main__.py", line 7, in <module>
2026-05-25 02:55:13:     sys.exit(main())
2026-05-25 02:55:13:   File "C:\Users\USER\AppData\Local\Programs\Python\Python310\lib\site-packages\click\core.py", line 1485, in __call__
2026-05-25 02:55:13:     return self.main(*args, **kwargs)
2026-05-25 02:55:13:   File "C:\Users\USER\AppData\Local\Programs\Python\Python310\lib\site-packages\click\core.py", line 1406, in main
2026-05-25 02:55:13:     rv = self.invoke(ctx)
2026-05-25 02:55:13:   File "C:\Users\USER\AppData\Local\Programs\Python\Python310\lib\site-packages\click\core.py", line 1269, in invoke
2026-05-25 02:55:13:     return ctx.invoke(self.callback, **ctx.params)
2026-05-25 02:55:13:   File "C:\Users\USER\AppData\Local\Programs\Python\Python310\lib\site-packages\click\core.py", line 824, in invoke
2026-05-25 02:55:13:     return callback(*args, **kwargs)
2026-05-25 02:55:13:   File "C:\Users\USER\AppData\Local\Programs\Python\Python310\lib\site-packages\uvicorn\main.py", line 433, in main
2026-05-25 02:55:13:     run(
2026-05-25 02:55:13:   File "C:\Users\USER\AppData\Local\Programs\Python\Python310\lib\site-packages\uvicorn\main.py", line 606, in run
2026-05-25 02:55:13:     server.run()
2026-05-25 02:55:13:   File "C:\Users\USER\AppData\Local\Programs\Python\Python310\lib\site-packages\uvicorn\server.py", line 75, in run
2026-05-25 02:55:13:     return asyncio_run(self.serve(sockets=sockets), loop_factory=self.config.get_loop_factory())
2026-05-25 02:55:13:   File "C:\Users\USER\AppData\Local\Programs\Python\Python310\lib\site-packages\uvicorn\_compat.py", line 60, in asyncio_run
2026-05-25 02:55:13:     return loop.run_until_complete(main)
2026-05-25 02:55:13:   File "C:\Users\USER\AppData\Local\Programs\Python\Python310\lib\asyncio\base_events.py", line 649, in run_until_complete
2026-05-25 02:55:13:     return future.result()
2026-05-25 02:55:13:   File "C:\Users\USER\AppData\Local\Programs\Python\Python310\lib\site-packages\uvicorn\server.py", line 79, in serve
2026-05-25 02:55:13:     await self._serve(sockets)
2026-05-25 02:55:13:   File "C:\Users\USER\AppData\Local\Programs\Python\Python310\lib\site-packages\uvicorn\server.py", line 86, in _serve
2026-05-25 02:55:13:     config.load()
2026-05-25 02:55:13:   File "C:\Users\USER\AppData\Local\Programs\Python\Python310\lib\site-packages\uvicorn\config.py", line 441, in load
2026-05-25 02:55:13:     self.loaded_app = import_from_string(self.app)
2026-05-25 02:55:13:   File "C:\Users\USER\AppData\Local\Programs\Python\Python310\lib\site-packages\uvicorn\importer.py", line 22, in import_from_string
2026-05-25 02:55:13:     raise exc from None
2026-05-25 02:55:13:   File "C:\Users\USER\AppData\Local\Programs\Python\Python310\lib\site-packages\uvicorn\importer.py", line 19, in import_from_string
2026-05-25 02:55:13:     module = importlib.import_module(module_str)
2026-05-25 02:55:13:   File "C:\Users\USER\AppData\Local\Programs\Python\Python310\lib\importlib\__init__.py", line 126, in import_module
2026-05-25 02:55:13:     return _bootstrap._gcd_import(name[level:], package, level)
2026-05-25 02:55:13:   File "<frozen importlib._bootstrap>", line 1050, in _gcd_import
2026-05-25 02:55:13:   File "<frozen importlib._bootstrap>", line 1027, in _find_and_load
2026-05-25 02:55:13:   File "<frozen importlib._bootstrap>", line 1006, in _find_and_load_unlocked
2026-05-25 02:55:13:   File "<frozen importlib._bootstrap>", line 688, in _load_unlocked
2026-05-25 02:55:13:   File "<frozen importlib._bootstrap_external>", line 883, in exec_module
2026-05-25 02:55:13:   File "<frozen importlib._bootstrap>", line 241, in _call_with_frames_removed
2026-05-25 02:55:13:   File "C:\seismocluster\backend\api\main.py", line 8, in <module>
2026-05-25 02:55:13:     from api.routes import ml, earthquake, cluster, summary
2026-05-25 02:55:13:   File "C:\seismocluster\backend\api\routes\ml.py", line 4, in <module>
2026-05-25 02:55:13:     import mlflow
2026-05-25 02:55:13: ModuleNotFoundError: No module named 'mlflow'
2026-05-25 02:55:20: Traceback (most recent call last):
2026-05-25 02:55:20:   File "C:\Users\USER\AppData\Local\Programs\Python\Python310\lib\runpy.py", line 196, in _run_module_as_main
2026-05-25 02:55:20:     return _run_code(code, main_globals, None,
2026-05-25 02:55:20:   File "C:\Users\USER\AppData\Local\Programs\Python\Python310\lib\runpy.py", line 86, in _run_code
2026-05-25 02:55:20:     exec(code, run_globals)
2026-05-25 02:55:20:   File "C:\Users\USER\AppData\Local\Programs\Python\Python310\Scripts\uvicorn.exe\__main__.py", line 7, in <module>
2026-05-25 02:55:20:     sys.exit(main())
2026-05-25 02:55:20:   File "C:\Users\USER\AppData\Local\Programs\Python\Python310\lib\site-packages\click\core.py", line 1485, in __call__
2026-05-25 02:55:20:     return self.main(*args, **kwargs)
2026-05-25 02:55:20:   File "C:\Users\USER\AppData\Local\Programs\Python\Python310\lib\site-packages\click\core.py", line 1406, in main
2026-05-25 02:55:20:     rv = self.invoke(ctx)
2026-05-25 02:55:20:   File "C:\Users\USER\AppData\Local\Programs\Python\Python310\lib\site-packages\click\core.py", line 1269, in invoke
2026-05-25 02:55:20:     return ctx.invoke(self.callback, **ctx.params)
2026-05-25 02:55:20:   File "C:\Users\USER\AppData\Local\Programs\Python\Python310\lib\site-packages\click\core.py", line 824, in invoke
2026-05-25 02:55:20:     return callback(*args, **kwargs)
2026-05-25 02:55:20:   File "C:\Users\USER\AppData\Local\Programs\Python\Python310\lib\site-packages\uvicorn\main.py", line 433, in main
2026-05-25 02:55:20:     run(
2026-05-25 02:55:20:   File "C:\Users\USER\AppData\Local\Programs\Python\Python310\lib\site-packages\uvicorn\main.py", line 606, in run
2026-05-25 02:55:20:     server.run()
2026-05-25 02:55:20:   File "C:\Users\USER\AppData\Local\Programs\Python\Python310\lib\site-packages\uvicorn\server.py", line 75, in run
2026-05-25 02:55:20:     return asyncio_run(self.serve(sockets=sockets), loop_factory=self.config.get_loop_factory())
2026-05-25 02:55:20:   File "C:\Users\USER\AppData\Local\Programs\Python\Python310\lib\site-packages\uvicorn\_compat.py", line 60, in asyncio_run
2026-05-25 02:55:20:     return loop.run_until_complete(main)
2026-05-25 02:55:20:   File "C:\Users\USER\AppData\Local\Programs\Python\Python310\lib\asyncio\base_events.py", line 649, in run_until_complete
2026-05-25 02:55:20:     return future.result()
2026-05-25 02:55:20:   File "C:\Users\USER\AppData\Local\Programs\Python\Python310\lib\site-packages\uvicorn\server.py", line 79, in serve
2026-05-25 02:55:20:     await self._serve(sockets)
2026-05-25 02:55:20:   File "C:\Users\USER\AppData\Local\Programs\Python\Python310\lib\site-packages\uvicorn\server.py", line 86, in _serve
2026-05-25 02:55:20:     config.load()
2026-05-25 02:55:20:   File "C:\Users\USER\AppData\Local\Programs\Python\Python310\lib\site-packages\uvicorn\config.py", line 441, in load
2026-05-25 02:55:20:     self.loaded_app = import_from_string(self.app)
2026-05-25 02:55:20:   File "C:\Users\USER\AppData\Local\Programs\Python\Python310\lib\site-packages\uvicorn\importer.py", line 22, in import_from_string
2026-05-25 02:55:20:     raise exc from None
2026-05-25 02:55:20:   File "C:\Users\USER\AppData\Local\Programs\Python\Python310\lib\site-packages\uvicorn\importer.py", line 19, in import_from_string
2026-05-25 02:55:20:     module = importlib.import_module(module_str)
2026-05-25 02:55:20:   File "C:\Users\USER\AppData\Local\Programs\Python\Python310\lib\importlib\__init__.py", line 126, in import_module
2026-05-25 02:55:20:     return _bootstrap._gcd_import(name[level:], package, level)
2026-05-25 02:55:20:   File "<frozen importlib._bootstrap>", line 1050, in _gcd_import
2026-05-25 02:55:20:   File "<frozen importlib._bootstrap>", line 1027, in _find_and_load
2026-05-25 02:55:20:   File "<frozen importlib._bootstrap>", line 1006, in _find_and_load_unlocked
2026-05-25 02:55:20:   File "<frozen importlib._bootstrap>", line 688, in _load_unlocked
2026-05-25 02:55:20:   File "<frozen importlib._bootstrap_external>", line 883, in exec_module
2026-05-25 02:55:20:   File "<frozen importlib._bootstrap>", line 241, in _call_with_frames_removed
2026-05-25 02:55:20:   File "C:\seismocluster\backend\api\main.py", line 8, in <module>
2026-05-25 02:55:20:     from api.routes import ml, earthquake, cluster, summary
2026-05-25 02:55:20:   File "C:\seismocluster\backend\api\routes\ml.py", line 4, in <module>
2026-05-25 02:55:20:     import mlflow
2026-05-25 02:55:20: ModuleNotFoundError: No module named 'mlflow'
2026-05-25 02:55:26: Traceback (most recent call last):
2026-05-25 02:55:26:   File "C:\Users\USER\AppData\Local\Programs\Python\Python310\lib\runpy.py", line 196, in _run_module_as_main
2026-05-25 02:55:26:     return _run_code(code, main_globals, None,
2026-05-25 02:55:26:   File "C:\Users\USER\AppData\Local\Programs\Python\Python310\lib\runpy.py", line 86, in _run_code
2026-05-25 02:55:26:     exec(code, run_globals)
2026-05-25 02:55:26:   File "C:\Users\USER\AppData\Local\Programs\Python\Python310\Scripts\uvicorn.exe\__main__.py", line 7, in <module>
2026-05-25 02:55:26:     sys.exit(main())
2026-05-25 02:55:26:   File "C:\Users\USER\AppData\Local\Programs\Python\Python310\lib\site-packages\click\core.py", line 1485, in __call__
2026-05-25 02:55:26:     return self.main(*args, **kwargs)
2026-05-25 02:55:26:   File "C:\Users\USER\AppData\Local\Programs\Python\Python310\lib\site-packages\click\core.py", line 1406, in main
2026-05-25 02:55:26:     rv = self.invoke(ctx)
2026-05-25 02:55:26:   File "C:\Users\USER\AppData\Local\Programs\Python\Python310\lib\site-packages\click\core.py", line 1269, in invoke
2026-05-25 02:55:26:     return ctx.invoke(self.callback, **ctx.params)
2026-05-25 02:55:26:   File "C:\Users\USER\AppData\Local\Programs\Python\Python310\lib\site-packages\click\core.py", line 824, in invoke
2026-05-25 02:55:26:     return callback(*args, **kwargs)
2026-05-25 02:55:26:   File "C:\Users\USER\AppData\Local\Programs\Python\Python310\lib\site-packages\uvicorn\main.py", line 433, in main
2026-05-25 02:55:26:     run(
2026-05-25 02:55:26:   File "C:\Users\USER\AppData\Local\Programs\Python\Python310\lib\site-packages\uvicorn\main.py", line 606, in run
2026-05-25 02:55:26:     server.run()
2026-05-25 02:55:26:   File "C:\Users\USER\AppData\Local\Programs\Python\Python310\lib\site-packages\uvicorn\server.py", line 75, in run
2026-05-25 02:55:26:     return asyncio_run(self.serve(sockets=sockets), loop_factory=self.config.get_loop_factory())
2026-05-25 02:55:26:   File "C:\Users\USER\AppData\Local\Programs\Python\Python310\lib\site-packages\uvicorn\_compat.py", line 60, in asyncio_run
2026-05-25 02:55:26:     return loop.run_until_complete(main)
2026-05-25 02:55:26:   File "C:\Users\USER\AppData\Local\Programs\Python\Python310\lib\asyncio\base_events.py", line 649, in run_until_complete
2026-05-25 02:55:26:     return future.result()
2026-05-25 02:55:26:   File "C:\Users\USER\AppData\Local\Programs\Python\Python310\lib\site-packages\uvicorn\server.py", line 79, in serve
2026-05-25 02:55:26:     await self._serve(sockets)
2026-05-25 02:55:26:   File "C:\Users\USER\AppData\Local\Programs\Python\Python310\lib\site-packages\uvicorn\server.py", line 86, in _serve
2026-05-25 02:55:26:     config.load()
2026-05-25 02:55:26:   File "C:\Users\USER\AppData\Local\Programs\Python\Python310\lib\site-packages\uvicorn\config.py", line 441, in load
2026-05-25 02:55:26:     self.loaded_app = import_from_string(self.app)
2026-05-25 02:55:26:   File "C:\Users\USER\AppData\Local\Programs\Python\Python310\lib\site-packages\uvicorn\importer.py", line 22, in import_from_string
2026-05-25 02:55:26:     raise exc from None
2026-05-25 02:55:26:   File "C:\Users\USER\AppData\Local\Programs\Python\Python310\lib\site-packages\uvicorn\importer.py", line 19, in import_from_string
2026-05-25 02:55:26:     module = importlib.import_module(module_str)
2026-05-25 02:55:26:   File "C:\Users\USER\AppData\Local\Programs\Python\Python310\lib\importlib\__init__.py", line 126, in import_module
2026-05-25 02:55:26:     return _bootstrap._gcd_import(name[level:], package, level)
2026-05-25 02:55:26:   File "<frozen importlib._bootstrap>", line 1050, in _gcd_import
2026-05-25 02:55:26:   File "<frozen importlib._bootstrap>", line 1027, in _find_and_load
2026-05-25 02:55:26:   File "<frozen importlib._bootstrap>", line 1006, in _find_and_load_unlocked
2026-05-25 02:55:26:   File "<frozen importlib._bootstrap>", line 688, in _load_unlocked
2026-05-25 02:55:26:   File "<frozen importlib._bootstrap_external>", line 883, in exec_module
2026-05-25 02:55:26:   File "<frozen importlib._bootstrap>", line 241, in _call_with_frames_removed
2026-05-25 02:55:26:   File "C:\seismocluster\backend\api\main.py", line 8, in <module>
2026-05-25 02:55:26:     from api.routes import ml, earthquake, cluster, summary
2026-05-25 02:55:26:   File "C:\seismocluster\backend\api\routes\ml.py", line 4, in <module>
2026-05-25 02:55:26:     import mlflow
2026-05-25 02:55:26: ModuleNotFoundError: No module named 'mlflow'
2026-05-25 02:55:33: Traceback (most recent call last):
2026-05-25 02:55:33:   File "C:\Users\USER\AppData\Local\Programs\Python\Python310\lib\runpy.py", line 196, in _run_module_as_main
2026-05-25 02:55:33:     return _run_code(code, main_globals, None,
2026-05-25 02:55:33:   File "C:\Users\USER\AppData\Local\Programs\Python\Python310\lib\runpy.py", line 86, in _run_code
2026-05-25 02:55:33:     exec(code, run_globals)
2026-05-25 02:55:33:   File "C:\Users\USER\AppData\Local\Programs\Python\Python310\Scripts\uvicorn.exe\__main__.py", line 7, in <module>
2026-05-25 02:55:33:     sys.exit(main())
2026-05-25 02:55:33:   File "C:\Users\USER\AppData\Local\Programs\Python\Python310\lib\site-packages\click\core.py", line 1485, in __call__
2026-05-25 02:55:33:     return self.main(*args, **kwargs)
2026-05-25 02:55:33:   File "C:\Users\USER\AppData\Local\Programs\Python\Python310\lib\site-packages\click\core.py", line 1406, in main
2026-05-25 02:55:33:     rv = self.invoke(ctx)
2026-05-25 02:55:33:   File "C:\Users\USER\AppData\Local\Programs\Python\Python310\lib\site-packages\click\core.py", line 1269, in invoke
2026-05-25 02:55:33:     return ctx.invoke(self.callback, **ctx.params)
2026-05-25 02:55:33:   File "C:\Users\USER\AppData\Local\Programs\Python\Python310\lib\site-packages\click\core.py", line 824, in invoke
2026-05-25 02:55:33:     return callback(*args, **kwargs)
2026-05-25 02:55:33:   File "C:\Users\USER\AppData\Local\Programs\Python\Python310\lib\site-packages\uvicorn\main.py", line 433, in main
2026-05-25 02:55:33:     run(
2026-05-25 02:55:33:   File "C:\Users\USER\AppData\Local\Programs\Python\Python310\lib\site-packages\uvicorn\main.py", line 606, in run
2026-05-25 02:55:33:     server.run()
2026-05-25 02:55:33:   File "C:\Users\USER\AppData\Local\Programs\Python\Python310\lib\site-packages\uvicorn\server.py", line 75, in run
2026-05-25 02:55:33:     return asyncio_run(self.serve(sockets=sockets), loop_factory=self.config.get_loop_factory())
2026-05-25 02:55:33:   File "C:\Users\USER\AppData\Local\Programs\Python\Python310\lib\site-packages\uvicorn\_compat.py", line 60, in asyncio_run
2026-05-25 02:55:33:     return loop.run_until_complete(main)
2026-05-25 02:55:33:   File "C:\Users\USER\AppData\Local\Programs\Python\Python310\lib\asyncio\base_events.py", line 649, in run_until_complete
2026-05-25 02:55:33:     return future.result()
2026-05-25 02:55:33:   File "C:\Users\USER\AppData\Local\Programs\Python\Python310\lib\site-packages\uvicorn\server.py", line 79, in serve
2026-05-25 02:55:33:     await self._serve(sockets)
2026-05-25 02:55:33:   File "C:\Users\USER\AppData\Local\Programs\Python\Python310\lib\site-packages\uvicorn\server.py", line 86, in _serve
2026-05-25 02:55:33:     config.load()
2026-05-25 02:55:33:   File "C:\Users\USER\AppData\Local\Programs\Python\Python310\lib\site-packages\uvicorn\config.py", line 441, in load
2026-05-25 02:55:33:     self.loaded_app = import_from_string(self.app)
2026-05-25 02:55:33:   File "C:\Users\USER\AppData\Local\Programs\Python\Python310\lib\site-packages\uvicorn\importer.py", line 22, in import_from_string
2026-05-25 02:55:33:     raise exc from None
2026-05-25 02:55:33:   File "C:\Users\USER\AppData\Local\Programs\Python\Python310\lib\site-packages\uvicorn\importer.py", line 19, in import_from_string
2026-05-25 02:55:33:     module = importlib.import_module(module_str)
2026-05-25 02:55:33:   File "C:\Users\USER\AppData\Local\Programs\Python\Python310\lib\importlib\__init__.py", line 126, in import_module
2026-05-25 02:55:33:     return _bootstrap._gcd_import(name[level:], package, level)
2026-05-25 02:55:33:   File "<frozen importlib._bootstrap>", line 1050, in _gcd_import
2026-05-25 02:55:33:   File "<frozen importlib._bootstrap>", line 1027, in _find_and_load
2026-05-25 02:55:33:   File "<frozen importlib._bootstrap>", line 1006, in _find_and_load_unlocked
2026-05-25 02:55:33:   File "<frozen importlib._bootstrap>", line 688, in _load_unlocked
2026-05-25 02:55:33:   File "<frozen importlib._bootstrap_external>", line 883, in exec_module
2026-05-25 02:55:33:   File "<frozen importlib._bootstrap>", line 241, in _call_with_frames_removed
2026-05-25 02:55:33:   File "C:\seismocluster\backend\api\main.py", line 8, in <module>
2026-05-25 02:55:33:     from api.routes import ml, earthquake, cluster, summary
2026-05-25 02:55:33:   File "C:\seismocluster\backend\api\routes\ml.py", line 4, in <module>
2026-05-25 02:55:33:     import mlflow
2026-05-25 02:55:33: ModuleNotFoundError: No module named 'mlflow'
2026-05-25 02:55:39: Traceback (most recent call last):
2026-05-25 02:55:39:   File "C:\Users\USER\AppData\Local\Programs\Python\Python310\lib\runpy.py", line 196, in _run_module_as_main
2026-05-25 02:55:39:     return _run_code(code, main_globals, None,
2026-05-25 02:55:39:   File "C:\Users\USER\AppData\Local\Programs\Python\Python310\lib\runpy.py", line 86, in _run_code
2026-05-25 02:55:39:     exec(code, run_globals)
2026-05-25 02:55:39:   File "C:\Users\USER\AppData\Local\Programs\Python\Python310\Scripts\uvicorn.exe\__main__.py", line 7, in <module>
2026-05-25 02:55:39:     sys.exit(main())
2026-05-25 02:55:39:   File "C:\Users\USER\AppData\Local\Programs\Python\Python310\lib\site-packages\click\core.py", line 1485, in __call__
2026-05-25 02:55:39:     return self.main(*args, **kwargs)
2026-05-25 02:55:39:   File "C:\Users\USER\AppData\Local\Programs\Python\Python310\lib\site-packages\click\core.py", line 1406, in main
2026-05-25 02:55:39:     rv = self.invoke(ctx)
2026-05-25 02:55:39:   File "C:\Users\USER\AppData\Local\Programs\Python\Python310\lib\site-packages\click\core.py", line 1269, in invoke
2026-05-25 02:55:39:     return ctx.invoke(self.callback, **ctx.params)
2026-05-25 02:55:39:   File "C:\Users\USER\AppData\Local\Programs\Python\Python310\lib\site-packages\click\core.py", line 824, in invoke
2026-05-25 02:55:39:     return callback(*args, **kwargs)
2026-05-25 02:55:39:   File "C:\Users\USER\AppData\Local\Programs\Python\Python310\lib\site-packages\uvicorn\main.py", line 433, in main
2026-05-25 02:55:39:     run(
2026-05-25 02:55:39:   File "C:\Users\USER\AppData\Local\Programs\Python\Python310\lib\site-packages\uvicorn\main.py", line 606, in run
2026-05-25 02:55:39:     server.run()
2026-05-25 02:55:39:   File "C:\Users\USER\AppData\Local\Programs\Python\Python310\lib\site-packages\uvicorn\server.py", line 75, in run
2026-05-25 02:55:39:     return asyncio_run(self.serve(sockets=sockets), loop_factory=self.config.get_loop_factory())
2026-05-25 02:55:39:   File "C:\Users\USER\AppData\Local\Programs\Python\Python310\lib\site-packages\uvicorn\_compat.py", line 60, in asyncio_run
2026-05-25 02:55:39:     return loop.run_until_complete(main)
2026-05-25 02:55:39:   File "C:\Users\USER\AppData\Local\Programs\Python\Python310\lib\asyncio\base_events.py", line 649, in run_until_complete
2026-05-25 02:55:39:     return future.result()
2026-05-25 02:55:39:   File "C:\Users\USER\AppData\Local\Programs\Python\Python310\lib\site-packages\uvicorn\server.py", line 79, in serve
2026-05-25 02:55:39:     await self._serve(sockets)
2026-05-25 02:55:39:   File "C:\Users\USER\AppData\Local\Programs\Python\Python310\lib\site-packages\uvicorn\server.py", line 86, in _serve
2026-05-25 02:55:39:     config.load()
2026-05-25 02:55:39:   File "C:\Users\USER\AppData\Local\Programs\Python\Python310\lib\site-packages\uvicorn\config.py", line 441, in load
2026-05-25 02:55:39:     self.loaded_app = import_from_string(self.app)
2026-05-25 02:55:39:   File "C:\Users\USER\AppData\Local\Programs\Python\Python310\lib\site-packages\uvicorn\importer.py", line 22, in import_from_string
2026-05-25 02:55:39:     raise exc from None
2026-05-25 02:55:39:   File "C:\Users\USER\AppData\Local\Programs\Python\Python310\lib\site-packages\uvicorn\importer.py", line 19, in import_from_string
2026-05-25 02:55:39:     module = importlib.import_module(module_str)
2026-05-25 02:55:39:   File "C:\Users\USER\AppData\Local\Programs\Python\Python310\lib\importlib\__init__.py", line 126, in import_module
2026-05-25 02:55:39:     return _bootstrap._gcd_import(name[level:], package, level)
2026-05-25 02:55:39:   File "<frozen importlib._bootstrap>", line 1050, in _gcd_import
2026-05-25 02:55:39:   File "<frozen importlib._bootstrap>", line 1027, in _find_and_load
2026-05-25 02:55:39:   File "<frozen importlib._bootstrap>", line 1006, in _find_and_load_unlocked
2026-05-25 02:55:39:   File "<frozen importlib._bootstrap>", line 688, in _load_unlocked
2026-05-25 02:55:39:   File "<frozen importlib._bootstrap_external>", line 883, in exec_module
2026-05-25 02:55:39:   File "<frozen importlib._bootstrap>", line 241, in _call_with_frames_removed
2026-05-25 02:55:39:   File "C:\seismocluster\backend\api\main.py", line 8, in <module>
2026-05-25 02:55:39:     from api.routes import ml, earthquake, cluster, summary
2026-05-25 02:55:39:   File "C:\seismocluster\backend\api\routes\ml.py", line 4, in <module>
2026-05-25 02:55:39:     import mlflow
2026-05-25 02:55:39: ModuleNotFoundError: No module named 'mlflow'
2026-05-25 02:55:46: Traceback (most recent call last):
2026-05-25 02:55:46:   File "C:\Users\USER\AppData\Local\Programs\Python\Python310\lib\runpy.py", line 196, in _run_module_as_main
2026-05-25 02:55:46:     return _run_code(code, main_globals, None,
2026-05-25 02:55:46:   File "C:\Users\USER\AppData\Local\Programs\Python\Python310\lib\runpy.py", line 86, in _run_code
2026-05-25 02:55:46:     exec(code, run_globals)
2026-05-25 02:55:46:   File "C:\Users\USER\AppData\Local\Programs\Python\Python310\Scripts\uvicorn.exe\__main__.py", line 7, in <module>
2026-05-25 02:55:46:     sys.exit(main())
2026-05-25 02:55:46:   File "C:\Users\USER\AppData\Local\Programs\Python\Python310\lib\site-packages\click\core.py", line 1485, in __call__
2026-05-25 02:55:46:     return self.main(*args, **kwargs)
2026-05-25 02:55:46:   File "C:\Users\USER\AppData\Local\Programs\Python\Python310\lib\site-packages\click\core.py", line 1406, in main
2026-05-25 02:55:46:     rv = self.invoke(ctx)
2026-05-25 02:55:46:   File "C:\Users\USER\AppData\Local\Programs\Python\Python310\lib\site-packages\click\core.py", line 1269, in invoke
2026-05-25 02:55:46:     return ctx.invoke(self.callback, **ctx.params)
2026-05-25 02:55:46:   File "C:\Users\USER\AppData\Local\Programs\Python\Python310\lib\site-packages\click\core.py", line 824, in invoke
2026-05-25 02:55:46:     return callback(*args, **kwargs)
2026-05-25 02:55:46:   File "C:\Users\USER\AppData\Local\Programs\Python\Python310\lib\site-packages\uvicorn\main.py", line 433, in main
2026-05-25 02:55:46:     run(
2026-05-25 02:55:46:   File "C:\Users\USER\AppData\Local\Programs\Python\Python310\lib\site-packages\uvicorn\main.py", line 606, in run
2026-05-25 02:55:46:     server.run()
2026-05-25 02:55:46:   File "C:\Users\USER\AppData\Local\Programs\Python\Python310\lib\site-packages\uvicorn\server.py", line 75, in run
2026-05-25 02:55:46:     return asyncio_run(self.serve(sockets=sockets), loop_factory=self.config.get_loop_factory())
2026-05-25 02:55:46:   File "C:\Users\USER\AppData\Local\Programs\Python\Python310\lib\site-packages\uvicorn\_compat.py", line 60, in asyncio_run
2026-05-25 02:55:46:     return loop.run_until_complete(main)
2026-05-25 02:55:46:   File "C:\Users\USER\AppData\Local\Programs\Python\Python310\lib\asyncio\base_events.py", line 649, in run_until_complete
2026-05-25 02:55:46:     return future.result()
2026-05-25 02:55:46:   File "C:\Users\USER\AppData\Local\Programs\Python\Python310\lib\site-packages\uvicorn\server.py", line 79, in serve
2026-05-25 02:55:46:     await self._serve(sockets)
2026-05-25 02:55:46:   File "C:\Users\USER\AppData\Local\Programs\Python\Python310\lib\site-packages\uvicorn\server.py", line 86, in _serve
2026-05-25 02:55:46:     config.load()
2026-05-25 02:55:46:   File "C:\Users\USER\AppData\Local\Programs\Python\Python310\lib\site-packages\uvicorn\config.py", line 441, in load
2026-05-25 02:55:46:     self.loaded_app = import_from_string(self.app)
2026-05-25 02:55:46:   File "C:\Users\USER\AppData\Local\Programs\Python\Python310\lib\site-packages\uvicorn\importer.py", line 22, in import_from_string
2026-05-25 02:55:46:     raise exc from None
2026-05-25 02:55:46:   File "C:\Users\USER\AppData\Local\Programs\Python\Python310\lib\site-packages\uvicorn\importer.py", line 19, in import_from_string
2026-05-25 02:55:46:     module = importlib.import_module(module_str)
2026-05-25 02:55:46:   File "C:\Users\USER\AppData\Local\Programs\Python\Python310\lib\importlib\__init__.py", line 126, in import_module
2026-05-25 02:55:46:     return _bootstrap._gcd_import(name[level:], package, level)
2026-05-25 02:55:46:   File "<frozen importlib._bootstrap>", line 1050, in _gcd_import
2026-05-25 02:55:46:   File "<frozen importlib._bootstrap>", line 1027, in _find_and_load
2026-05-25 02:55:46:   File "<frozen importlib._bootstrap>", line 1006, in _find_and_load_unlocked
2026-05-25 02:55:46:   File "<frozen importlib._bootstrap>", line 688, in _load_unlocked
2026-05-25 02:55:46:   File "<frozen importlib._bootstrap_external>", line 883, in exec_module
2026-05-25 02:55:46:   File "<frozen importlib._bootstrap>", line 241, in _call_with_frames_removed
2026-05-25 02:55:46:   File "C:\seismocluster\backend\api\main.py", line 8, in <module>
2026-05-25 02:55:46:     from api.routes import ml, earthquake, cluster, summary
2026-05-25 02:55:46:   File "C:\seismocluster\backend\api\routes\ml.py", line 4, in <module>
2026-05-25 02:55:46:     import mlflow
2026-05-25 02:55:46: ModuleNotFoundError: No module named 'mlflow'
2026-05-25 02:55:53: Traceback (most recent call last):
2026-05-25 02:55:53:   File "C:\Users\USER\AppData\Local\Programs\Python\Python310\lib\runpy.py", line 196, in _run_module_as_main
2026-05-25 02:55:53:     return _run_code(code, main_globals, None,
2026-05-25 02:55:53:   File "C:\Users\USER\AppData\Local\Programs\Python\Python310\lib\runpy.py", line 86, in _run_code
2026-05-25 02:55:53:     exec(code, run_globals)
2026-05-25 02:55:53:   File "C:\Users\USER\AppData\Local\Programs\Python\Python310\Scripts\uvicorn.exe\__main__.py", line 7, in <module>
2026-05-25 02:55:53:     sys.exit(main())
2026-05-25 02:55:53:   File "C:\Users\USER\AppData\Local\Programs\Python\Python310\lib\site-packages\click\core.py", line 1485, in __call__
2026-05-25 02:55:53:     return self.main(*args, **kwargs)
2026-05-25 02:55:53:   File "C:\Users\USER\AppData\Local\Programs\Python\Python310\lib\site-packages\click\core.py", line 1406, in main
2026-05-25 02:55:53:     rv = self.invoke(ctx)
2026-05-25 02:55:53:   File "C:\Users\USER\AppData\Local\Programs\Python\Python310\lib\site-packages\click\core.py", line 1269, in invoke
2026-05-25 02:55:53:     return ctx.invoke(self.callback, **ctx.params)
2026-05-25 02:55:53:   File "C:\Users\USER\AppData\Local\Programs\Python\Python310\lib\site-packages\click\core.py", line 824, in invoke
2026-05-25 02:55:53:     return callback(*args, **kwargs)
2026-05-25 02:55:53:   File "C:\Users\USER\AppData\Local\Programs\Python\Python310\lib\site-packages\uvicorn\main.py", line 433, in main
2026-05-25 02:55:53:     run(
2026-05-25 02:55:53:   File "C:\Users\USER\AppData\Local\Programs\Python\Python310\lib\site-packages\uvicorn\main.py", line 606, in run
2026-05-25 02:55:53:     server.run()
2026-05-25 02:55:53:   File "C:\Users\USER\AppData\Local\Programs\Python\Python310\lib\site-packages\uvicorn\server.py", line 75, in run
2026-05-25 02:55:53:     return asyncio_run(self.serve(sockets=sockets), loop_factory=self.config.get_loop_factory())
2026-05-25 02:55:53:   File "C:\Users\USER\AppData\Local\Programs\Python\Python310\lib\site-packages\uvicorn\_compat.py", line 60, in asyncio_run
2026-05-25 02:55:53:     return loop.run_until_complete(main)
2026-05-25 02:55:53:   File "C:\Users\USER\AppData\Local\Programs\Python\Python310\lib\asyncio\base_events.py", line 649, in run_until_complete
2026-05-25 02:55:53:     return future.result()
2026-05-25 02:55:53:   File "C:\Users\USER\AppData\Local\Programs\Python\Python310\lib\site-packages\uvicorn\server.py", line 79, in serve
2026-05-25 02:55:53:     await self._serve(sockets)
2026-05-25 02:55:53:   File "C:\Users\USER\AppData\Local\Programs\Python\Python310\lib\site-packages\uvicorn\server.py", line 86, in _serve
2026-05-25 02:55:53:     config.load()
2026-05-25 02:55:53:   File "C:\Users\USER\AppData\Local\Programs\Python\Python310\lib\site-packages\uvicorn\config.py", line 441, in load
2026-05-25 02:55:53:     self.loaded_app = import_from_string(self.app)
2026-05-25 02:55:53:   File "C:\Users\USER\AppData\Local\Programs\Python\Python310\lib\site-packages\uvicorn\importer.py", line 22, in import_from_string
2026-05-25 02:55:53:     raise exc from None
2026-05-25 02:55:53:   File "C:\Users\USER\AppData\Local\Programs\Python\Python310\lib\site-packages\uvicorn\importer.py", line 19, in import_from_string
2026-05-25 02:55:53:     module = importlib.import_module(module_str)
2026-05-25 02:55:53:   File "C:\Users\USER\AppData\Local\Programs\Python\Python310\lib\importlib\__init__.py", line 126, in import_module
2026-05-25 02:55:53:     return _bootstrap._gcd_import(name[level:], package, level)
2026-05-25 02:55:53:   File "<frozen importlib._bootstrap>", line 1050, in _gcd_import
2026-05-25 02:55:53:   File "<frozen importlib._bootstrap>", line 1027, in _find_and_load
2026-05-25 02:55:53:   File "<frozen importlib._bootstrap>", line 1006, in _find_and_load_unlocked
2026-05-25 02:55:53:   File "<frozen importlib._bootstrap>", line 688, in _load_unlocked
2026-05-25 02:55:53:   File "<frozen importlib._bootstrap_external>", line 883, in exec_module
2026-05-25 02:55:53:   File "<frozen importlib._bootstrap>", line 241, in _call_with_frames_removed
2026-05-25 02:55:53:   File "C:\seismocluster\backend\api\main.py", line 8, in <module>
2026-05-25 02:55:53:     from api.routes import ml, earthquake, cluster, summary
2026-05-25 02:55:53:   File "C:\seismocluster\backend\api\routes\ml.py", line 4, in <module>
2026-05-25 02:55:53:     import mlflow
2026-05-25 02:55:53: ModuleNotFoundError: No module named 'mlflow'
2026-05-25 02:55:59: Traceback (most recent call last):
2026-05-25 02:55:59:   File "C:\Users\USER\AppData\Local\Programs\Python\Python310\lib\runpy.py", line 196, in _run_module_as_main
2026-05-25 02:55:59:     return _run_code(code, main_globals, None,
2026-05-25 02:55:59:   File "C:\Users\USER\AppData\Local\Programs\Python\Python310\lib\runpy.py", line 86, in _run_code
2026-05-25 02:55:59:     exec(code, run_globals)
2026-05-25 02:55:59:   File "C:\Users\USER\AppData\Local\Programs\Python\Python310\Scripts\uvicorn.exe\__main__.py", line 7, in <module>
2026-05-25 02:55:59:     sys.exit(main())
2026-05-25 02:55:59:   File "C:\Users\USER\AppData\Local\Programs\Python\Python310\lib\site-packages\click\core.py", line 1485, in __call__
2026-05-25 02:55:59:     return self.main(*args, **kwargs)
2026-05-25 02:55:59:   File "C:\Users\USER\AppData\Local\Programs\Python\Python310\lib\site-packages\click\core.py", line 1406, in main
2026-05-25 02:55:59:     rv = self.invoke(ctx)
2026-05-25 02:55:59:   File "C:\Users\USER\AppData\Local\Programs\Python\Python310\lib\site-packages\click\core.py", line 1269, in invoke
2026-05-25 02:55:59:     return ctx.invoke(self.callback, **ctx.params)
2026-05-25 02:55:59:   File "C:\Users\USER\AppData\Local\Programs\Python\Python310\lib\site-packages\click\core.py", line 824, in invoke
2026-05-25 02:55:59:     return callback(*args, **kwargs)
2026-05-25 02:55:59:   File "C:\Users\USER\AppData\Local\Programs\Python\Python310\lib\site-packages\uvicorn\main.py", line 433, in main
2026-05-25 02:55:59:     run(
2026-05-25 02:55:59:   File "C:\Users\USER\AppData\Local\Programs\Python\Python310\lib\site-packages\uvicorn\main.py", line 606, in run
2026-05-25 02:55:59:     server.run()
2026-05-25 02:55:59:   File "C:\Users\USER\AppData\Local\Programs\Python\Python310\lib\site-packages\uvicorn\server.py", line 75, in run
2026-05-25 02:55:59:     return asyncio_run(self.serve(sockets=sockets), loop_factory=self.config.get_loop_factory())
2026-05-25 02:55:59:   File "C:\Users\USER\AppData\Local\Programs\Python\Python310\lib\site-packages\uvicorn\_compat.py", line 60, in asyncio_run
2026-05-25 02:55:59:     return loop.run_until_complete(main)
2026-05-25 02:55:59:   File "C:\Users\USER\AppData\Local\Programs\Python\Python310\lib\asyncio\base_events.py", line 649, in run_until_complete
2026-05-25 02:55:59:     return future.result()
2026-05-25 02:55:59:   File "C:\Users\USER\AppData\Local\Programs\Python\Python310\lib\site-packages\uvicorn\server.py", line 79, in serve
2026-05-25 02:55:59:     await self._serve(sockets)
2026-05-25 02:55:59:   File "C:\Users\USER\AppData\Local\Programs\Python\Python310\lib\site-packages\uvicorn\server.py", line 86, in _serve
2026-05-25 02:55:59:     config.load()
2026-05-25 02:55:59:   File "C:\Users\USER\AppData\Local\Programs\Python\Python310\lib\site-packages\uvicorn\config.py", line 441, in load
2026-05-25 02:55:59:     self.loaded_app = import_from_string(self.app)
2026-05-25 02:55:59:   File "C:\Users\USER\AppData\Local\Programs\Python\Python310\lib\site-packages\uvicorn\importer.py", line 22, in import_from_string
2026-05-25 02:55:59:     raise exc from None
2026-05-25 02:55:59:   File "C:\Users\USER\AppData\Local\Programs\Python\Python310\lib\site-packages\uvicorn\importer.py", line 19, in import_from_string
2026-05-25 02:55:59:     module = importlib.import_module(module_str)
2026-05-25 02:55:59:   File "C:\Users\USER\AppData\Local\Programs\Python\Python310\lib\importlib\__init__.py", line 126, in import_module
2026-05-25 02:55:59:     return _bootstrap._gcd_import(name[level:], package, level)
2026-05-25 02:55:59:   File "<frozen importlib._bootstrap>", line 1050, in _gcd_import
2026-05-25 02:55:59:   File "<frozen importlib._bootstrap>", line 1027, in _find_and_load
2026-05-25 02:55:59:   File "<frozen importlib._bootstrap>", line 1006, in _find_and_load_unlocked
2026-05-25 02:55:59:   File "<frozen importlib._bootstrap>", line 688, in _load_unlocked
2026-05-25 02:55:59:   File "<frozen importlib._bootstrap_external>", line 883, in exec_module
2026-05-25 02:55:59:   File "<frozen importlib._bootstrap>", line 241, in _call_with_frames_removed
2026-05-25 02:55:59:   File "C:\seismocluster\backend\api\main.py", line 8, in <module>
2026-05-25 02:55:59:     from api.routes import ml, earthquake, cluster, summary
2026-05-25 02:55:59:   File "C:\seismocluster\backend\api\routes\ml.py", line 4, in <module>
2026-05-25 02:55:59:     import mlflow
2026-05-25 02:55:59: ModuleNotFoundError: No module named 'mlflow'
2026-05-25 02:56:06: Traceback (most recent call last):
2026-05-25 02:56:06:   File "C:\Users\USER\AppData\Local\Programs\Python\Python310\lib\runpy.py", line 196, in _run_module_as_main
2026-05-25 02:56:06:     return _run_code(code, main_globals, None,
2026-05-25 02:56:06:   File "C:\Users\USER\AppData\Local\Programs\Python\Python310\lib\runpy.py", line 86, in _run_code
2026-05-25 02:56:06:     exec(code, run_globals)
2026-05-25 02:56:06:   File "C:\Users\USER\AppData\Local\Programs\Python\Python310\Scripts\uvicorn.exe\__main__.py", line 7, in <module>
2026-05-25 02:56:06:     sys.exit(main())
2026-05-25 02:56:06:   File "C:\Users\USER\AppData\Local\Programs\Python\Python310\lib\site-packages\click\core.py", line 1485, in __call__
2026-05-25 02:56:06:     return self.main(*args, **kwargs)
2026-05-25 02:56:06:   File "C:\Users\USER\AppData\Local\Programs\Python\Python310\lib\site-packages\click\core.py", line 1406, in main
2026-05-25 02:56:06:     rv = self.invoke(ctx)
2026-05-25 02:56:06:   File "C:\Users\USER\AppData\Local\Programs\Python\Python310\lib\site-packages\click\core.py", line 1269, in invoke
2026-05-25 02:56:06:     return ctx.invoke(self.callback, **ctx.params)
2026-05-25 02:56:06:   File "C:\Users\USER\AppData\Local\Programs\Python\Python310\lib\site-packages\click\core.py", line 824, in invoke
2026-05-25 02:56:06:     return callback(*args, **kwargs)
2026-05-25 02:56:06:   File "C:\Users\USER\AppData\Local\Programs\Python\Python310\lib\site-packages\uvicorn\main.py", line 433, in main
2026-05-25 02:56:06:     run(
2026-05-25 02:56:06:   File "C:\Users\USER\AppData\Local\Programs\Python\Python310\lib\site-packages\uvicorn\main.py", line 606, in run
2026-05-25 02:56:06:     server.run()
2026-05-25 02:56:06:   File "C:\Users\USER\AppData\Local\Programs\Python\Python310\lib\site-packages\uvicorn\server.py", line 75, in run
2026-05-25 02:56:06:     return asyncio_run(self.serve(sockets=sockets), loop_factory=self.config.get_loop_factory())
2026-05-25 02:56:06:   File "C:\Users\USER\AppData\Local\Programs\Python\Python310\lib\site-packages\uvicorn\_compat.py", line 60, in asyncio_run
2026-05-25 02:56:06:     return loop.run_until_complete(main)
2026-05-25 02:56:06:   File "C:\Users\USER\AppData\Local\Programs\Python\Python310\lib\asyncio\base_events.py", line 649, in run_until_complete
2026-05-25 02:56:06:     return future.result()
2026-05-25 02:56:06:   File "C:\Users\USER\AppData\Local\Programs\Python\Python310\lib\site-packages\uvicorn\server.py", line 79, in serve
2026-05-25 02:56:06:     await self._serve(sockets)
2026-05-25 02:56:06:   File "C:\Users\USER\AppData\Local\Programs\Python\Python310\lib\site-packages\uvicorn\server.py", line 86, in _serve
2026-05-25 02:56:06:     config.load()
2026-05-25 02:56:06:   File "C:\Users\USER\AppData\Local\Programs\Python\Python310\lib\site-packages\uvicorn\config.py", line 441, in load
2026-05-25 02:56:06:     self.loaded_app = import_from_string(self.app)
2026-05-25 02:56:06:   File "C:\Users\USER\AppData\Local\Programs\Python\Python310\lib\site-packages\uvicorn\importer.py", line 22, in import_from_string
2026-05-25 02:56:06:     raise exc from None
2026-05-25 02:56:06:   File "C:\Users\USER\AppData\Local\Programs\Python\Python310\lib\site-packages\uvicorn\importer.py", line 19, in import_from_string
2026-05-25 02:56:06:     module = importlib.import_module(module_str)
2026-05-25 02:56:06:   File "C:\Users\USER\AppData\Local\Programs\Python\Python310\lib\importlib\__init__.py", line 126, in import_module
2026-05-25 02:56:06:     return _bootstrap._gcd_import(name[level:], package, level)
2026-05-25 02:56:06:   File "<frozen importlib._bootstrap>", line 1050, in _gcd_import
2026-05-25 02:56:06:   File "<frozen importlib._bootstrap>", line 1027, in _find_and_load
2026-05-25 02:56:06:   File "<frozen importlib._bootstrap>", line 1006, in _find_and_load_unlocked
2026-05-25 02:56:06:   File "<frozen importlib._bootstrap>", line 688, in _load_unlocked
2026-05-25 02:56:06:   File "<frozen importlib._bootstrap_external>", line 883, in exec_module
2026-05-25 02:56:06:   File "<frozen importlib._bootstrap>", line 241, in _call_with_frames_removed
2026-05-25 02:56:06:   File "C:\seismocluster\backend\api\main.py", line 8, in <module>
2026-05-25 02:56:06:     from api.routes import ml, earthquake, cluster, summary
2026-05-25 02:56:06:   File "C:\seismocluster\backend\api\routes\ml.py", line 4, in <module>
2026-05-25 02:56:06:     import mlflow
2026-05-25 02:56:06: ModuleNotFoundError: No module named 'mlflow'
2026-05-25 02:56:13: Traceback (most recent call last):
2026-05-25 02:56:13:   File "C:\Users\USER\AppData\Local\Programs\Python\Python310\lib\runpy.py", line 196, in _run_module_as_main
2026-05-25 02:56:13:     return _run_code(code, main_globals, None,
2026-05-25 02:56:13:   File "C:\Users\USER\AppData\Local\Programs\Python\Python310\lib\runpy.py", line 86, in _run_code
2026-05-25 02:56:13:     exec(code, run_globals)
2026-05-25 02:56:13:   File "C:\Users\USER\AppData\Local\Programs\Python\Python310\Scripts\uvicorn.exe\__main__.py", line 7, in <module>
2026-05-25 02:56:13:     sys.exit(main())
2026-05-25 02:56:13:   File "C:\Users\USER\AppData\Local\Programs\Python\Python310\lib\site-packages\click\core.py", line 1485, in __call__
2026-05-25 02:56:13:     return self.main(*args, **kwargs)
2026-05-25 02:56:13:   File "C:\Users\USER\AppData\Local\Programs\Python\Python310\lib\site-packages\click\core.py", line 1406, in main
2026-05-25 02:56:13:     rv = self.invoke(ctx)
2026-05-25 02:56:13:   File "C:\Users\USER\AppData\Local\Programs\Python\Python310\lib\site-packages\click\core.py", line 1269, in invoke
2026-05-25 02:56:13:     return ctx.invoke(self.callback, **ctx.params)
2026-05-25 02:56:13:   File "C:\Users\USER\AppData\Local\Programs\Python\Python310\lib\site-packages\click\core.py", line 824, in invoke
2026-05-25 02:56:13:     return callback(*args, **kwargs)
2026-05-25 02:56:13:   File "C:\Users\USER\AppData\Local\Programs\Python\Python310\lib\site-packages\uvicorn\main.py", line 433, in main
2026-05-25 02:56:13:     run(
2026-05-25 02:56:13:   File "C:\Users\USER\AppData\Local\Programs\Python\Python310\lib\site-packages\uvicorn\main.py", line 606, in run
2026-05-25 02:56:13:     server.run()
2026-05-25 02:56:13:   File "C:\Users\USER\AppData\Local\Programs\Python\Python310\lib\site-packages\uvicorn\server.py", line 75, in run
2026-05-25 02:56:13:     return asyncio_run(self.serve(sockets=sockets), loop_factory=self.config.get_loop_factory())
2026-05-25 02:56:13:   File "C:\Users\USER\AppData\Local\Programs\Python\Python310\lib\site-packages\uvicorn\_compat.py", line 60, in asyncio_run
2026-05-25 02:56:13:     return loop.run_until_complete(main)
2026-05-25 02:56:13:   File "C:\Users\USER\AppData\Local\Programs\Python\Python310\lib\asyncio\base_events.py", line 649, in run_until_complete
2026-05-25 02:56:13:     return future.result()
2026-05-25 02:56:13:   File "C:\Users\USER\AppData\Local\Programs\Python\Python310\lib\site-packages\uvicorn\server.py", line 79, in serve
2026-05-25 02:56:13:     await self._serve(sockets)
2026-05-25 02:56:13:   File "C:\Users\USER\AppData\Local\Programs\Python\Python310\lib\site-packages\uvicorn\server.py", line 86, in _serve
2026-05-25 02:56:13:     config.load()
2026-05-25 02:56:13:   File "C:\Users\USER\AppData\Local\Programs\Python\Python310\lib\site-packages\uvicorn\config.py", line 441, in load
2026-05-25 02:56:13:     self.loaded_app = import_from_string(self.app)
2026-05-25 02:56:13:   File "C:\Users\USER\AppData\Local\Programs\Python\Python310\lib\site-packages\uvicorn\importer.py", line 22, in import_from_string
2026-05-25 02:56:13:     raise exc from None
2026-05-25 02:56:13:   File "C:\Users\USER\AppData\Local\Programs\Python\Python310\lib\site-packages\uvicorn\importer.py", line 19, in import_from_string
2026-05-25 02:56:13:     module = importlib.import_module(module_str)
2026-05-25 02:56:13:   File "C:\Users\USER\AppData\Local\Programs\Python\Python310\lib\importlib\__init__.py", line 126, in import_module
2026-05-25 02:56:13:     return _bootstrap._gcd_import(name[level:], package, level)
2026-05-25 02:56:13:   File "<frozen importlib._bootstrap>", line 1050, in _gcd_import
2026-05-25 02:56:13:   File "<frozen importlib._bootstrap>", line 1027, in _find_and_load
2026-05-25 02:56:13:   File "<frozen importlib._bootstrap>", line 1006, in _find_and_load_unlocked
2026-05-25 02:56:13:   File "<frozen importlib._bootstrap>", line 688, in _load_unlocked
2026-05-25 02:56:13:   File "<frozen importlib._bootstrap_external>", line 883, in exec_module
2026-05-25 02:56:13:   File "<frozen importlib._bootstrap>", line 241, in _call_with_frames_removed
2026-05-25 02:56:13:   File "C:\seismocluster\backend\api\main.py", line 8, in <module>
2026-05-25 02:56:13:     from api.routes import ml, earthquake, cluster, summary
2026-05-25 02:56:13:   File "C:\seismocluster\backend\api\routes\ml.py", line 4, in <module>
2026-05-25 02:56:13:     import mlflow
2026-05-25 02:56:13: ModuleNotFoundError: No module named 'mlflow'
2026-05-25 02:56:19: Traceback (most recent call last):
2026-05-25 02:56:19:   File "C:\Users\USER\AppData\Local\Programs\Python\Python310\lib\runpy.py", line 196, in _run_module_as_main
2026-05-25 02:56:19:     return _run_code(code, main_globals, None,
2026-05-25 02:56:19:   File "C:\Users\USER\AppData\Local\Programs\Python\Python310\lib\runpy.py", line 86, in _run_code
2026-05-25 02:56:19:     exec(code, run_globals)
2026-05-25 02:56:19:   File "C:\Users\USER\AppData\Local\Programs\Python\Python310\Scripts\uvicorn.exe\__main__.py", line 7, in <module>
2026-05-25 02:56:19:     sys.exit(main())
2026-05-25 02:56:19:   File "C:\Users\USER\AppData\Local\Programs\Python\Python310\lib\site-packages\click\core.py", line 1485, in __call__
2026-05-25 02:56:19:     return self.main(*args, **kwargs)
2026-05-25 02:56:19:   File "C:\Users\USER\AppData\Local\Programs\Python\Python310\lib\site-packages\click\core.py", line 1406, in main
2026-05-25 02:56:19:     rv = self.invoke(ctx)
2026-05-25 02:56:19:   File "C:\Users\USER\AppData\Local\Programs\Python\Python310\lib\site-packages\click\core.py", line 1269, in invoke
2026-05-25 02:56:19:     return ctx.invoke(self.callback, **ctx.params)
2026-05-25 02:56:19:   File "C:\Users\USER\AppData\Local\Programs\Python\Python310\lib\site-packages\click\core.py", line 824, in invoke
2026-05-25 02:56:19:     return callback(*args, **kwargs)
2026-05-25 02:56:19:   File "C:\Users\USER\AppData\Local\Programs\Python\Python310\lib\site-packages\uvicorn\main.py", line 433, in main
2026-05-25 02:56:19:     run(
2026-05-25 02:56:19:   File "C:\Users\USER\AppData\Local\Programs\Python\Python310\lib\site-packages\uvicorn\main.py", line 606, in run
2026-05-25 02:56:19:     server.run()
2026-05-25 02:56:19:   File "C:\Users\USER\AppData\Local\Programs\Python\Python310\lib\site-packages\uvicorn\server.py", line 75, in run
2026-05-25 02:56:19:     return asyncio_run(self.serve(sockets=sockets), loop_factory=self.config.get_loop_factory())
2026-05-25 02:56:19:   File "C:\Users\USER\AppData\Local\Programs\Python\Python310\lib\site-packages\uvicorn\_compat.py", line 60, in asyncio_run
2026-05-25 02:56:19:     return loop.run_until_complete(main)
2026-05-25 02:56:19:   File "C:\Users\USER\AppData\Local\Programs\Python\Python310\lib\asyncio\base_events.py", line 649, in run_until_complete
2026-05-25 02:56:19:     return future.result()
2026-05-25 02:56:19:   File "C:\Users\USER\AppData\Local\Programs\Python\Python310\lib\site-packages\uvicorn\server.py", line 79, in serve
2026-05-25 02:56:19:     await self._serve(sockets)
2026-05-25 02:56:19:   File "C:\Users\USER\AppData\Local\Programs\Python\Python310\lib\site-packages\uvicorn\server.py", line 86, in _serve
2026-05-25 02:56:19:     config.load()
2026-05-25 02:56:19:   File "C:\Users\USER\AppData\Local\Programs\Python\Python310\lib\site-packages\uvicorn\config.py", line 441, in load
2026-05-25 02:56:19:     self.loaded_app = import_from_string(self.app)
2026-05-25 02:56:19:   File "C:\Users\USER\AppData\Local\Programs\Python\Python310\lib\site-packages\uvicorn\importer.py", line 22, in import_from_string
2026-05-25 02:56:19:     raise exc from None
2026-05-25 02:56:19:   File "C:\Users\USER\AppData\Local\Programs\Python\Python310\lib\site-packages\uvicorn\importer.py", line 19, in import_from_string
2026-05-25 02:56:19:     module = importlib.import_module(module_str)
2026-05-25 02:56:19:   File "C:\Users\USER\AppData\Local\Programs\Python\Python310\lib\importlib\__init__.py", line 126, in import_module
2026-05-25 02:56:19:     return _bootstrap._gcd_import(name[level:], package, level)
2026-05-25 02:56:19:   File "<frozen importlib._bootstrap>", line 1050, in _gcd_import
2026-05-25 02:56:19:   File "<frozen importlib._bootstrap>", line 1027, in _find_and_load
2026-05-25 02:56:19:   File "<frozen importlib._bootstrap>", line 1006, in _find_and_load_unlocked
2026-05-25 02:56:19:   File "<frozen importlib._bootstrap>", line 688, in _load_unlocked
2026-05-25 02:56:19:   File "<frozen importlib._bootstrap_external>", line 883, in exec_module
2026-05-25 02:56:19:   File "<frozen importlib._bootstrap>", line 241, in _call_with_frames_removed
2026-05-25 02:56:19:   File "C:\seismocluster\backend\api\main.py", line 8, in <module>
2026-05-25 02:56:19:     from api.routes import ml, earthquake, cluster, summary
2026-05-25 02:56:19:   File "C:\seismocluster\backend\api\routes\ml.py", line 4, in <module>
2026-05-25 02:56:19:     import mlflow
2026-05-25 02:56:19: ModuleNotFoundError: No module named 'mlflow'
2026-05-25 02:56:26: Traceback (most recent call last):
2026-05-25 02:56:26:   File "C:\Users\USER\AppData\Local\Programs\Python\Python310\lib\runpy.py", line 196, in _run_module_as_main
2026-05-25 02:56:26:     return _run_code(code, main_globals, None,
2026-05-25 02:56:26:   File "C:\Users\USER\AppData\Local\Programs\Python\Python310\lib\runpy.py", line 86, in _run_code
2026-05-25 02:56:26:     exec(code, run_globals)
2026-05-25 02:56:26:   File "C:\Users\USER\AppData\Local\Programs\Python\Python310\Scripts\uvicorn.exe\__main__.py", line 7, in <module>
2026-05-25 02:56:26:     sys.exit(main())
2026-05-25 02:56:26:   File "C:\Users\USER\AppData\Local\Programs\Python\Python310\lib\site-packages\click\core.py", line 1485, in __call__
2026-05-25 02:56:26:     return self.main(*args, **kwargs)
2026-05-25 02:56:26:   File "C:\Users\USER\AppData\Local\Programs\Python\Python310\lib\site-packages\click\core.py", line 1406, in main
2026-05-25 02:56:26:     rv = self.invoke(ctx)
2026-05-25 02:56:26:   File "C:\Users\USER\AppData\Local\Programs\Python\Python310\lib\site-packages\click\core.py", line 1269, in invoke
2026-05-25 02:56:26:     return ctx.invoke(self.callback, **ctx.params)
2026-05-25 02:56:26:   File "C:\Users\USER\AppData\Local\Programs\Python\Python310\lib\site-packages\click\core.py", line 824, in invoke
2026-05-25 02:56:26:     return callback(*args, **kwargs)
2026-05-25 02:56:26:   File "C:\Users\USER\AppData\Local\Programs\Python\Python310\lib\site-packages\uvicorn\main.py", line 433, in main
2026-05-25 02:56:26:     run(
2026-05-25 02:56:26:   File "C:\Users\USER\AppData\Local\Programs\Python\Python310\lib\site-packages\uvicorn\main.py", line 606, in run
2026-05-25 02:56:26:     server.run()
2026-05-25 02:56:26:   File "C:\Users\USER\AppData\Local\Programs\Python\Python310\lib\site-packages\uvicorn\server.py", line 75, in run
2026-05-25 02:56:26:     return asyncio_run(self.serve(sockets=sockets), loop_factory=self.config.get_loop_factory())
2026-05-25 02:56:26:   File "C:\Users\USER\AppData\Local\Programs\Python\Python310\lib\site-packages\uvicorn\_compat.py", line 60, in asyncio_run
2026-05-25 02:56:26:     return loop.run_until_complete(main)
2026-05-25 02:56:26:   File "C:\Users\USER\AppData\Local\Programs\Python\Python310\lib\asyncio\base_events.py", line 649, in run_until_complete
2026-05-25 02:56:26:     return future.result()
2026-05-25 02:56:26:   File "C:\Users\USER\AppData\Local\Programs\Python\Python310\lib\site-packages\uvicorn\server.py", line 79, in serve
2026-05-25 02:56:26:     await self._serve(sockets)
2026-05-25 02:56:26:   File "C:\Users\USER\AppData\Local\Programs\Python\Python310\lib\site-packages\uvicorn\server.py", line 86, in _serve
2026-05-25 02:56:26:     config.load()
2026-05-25 02:56:26:   File "C:\Users\USER\AppData\Local\Programs\Python\Python310\lib\site-packages\uvicorn\config.py", line 441, in load
2026-05-25 02:56:26:     self.loaded_app = import_from_string(self.app)
2026-05-25 02:56:26:   File "C:\Users\USER\AppData\Local\Programs\Python\Python310\lib\site-packages\uvicorn\importer.py", line 22, in import_from_string
2026-05-25 02:56:26:     raise exc from None
2026-05-25 02:56:26:   File "C:\Users\USER\AppData\Local\Programs\Python\Python310\lib\site-packages\uvicorn\importer.py", line 19, in import_from_string
2026-05-25 02:56:26:     module = importlib.import_module(module_str)
2026-05-25 02:56:26:   File "C:\Users\USER\AppData\Local\Programs\Python\Python310\lib\importlib\__init__.py", line 126, in import_module
2026-05-25 02:56:26:     return _bootstrap._gcd_import(name[level:], package, level)
2026-05-25 02:56:26:   File "<frozen importlib._bootstrap>", line 1050, in _gcd_import
2026-05-25 02:56:26:   File "<frozen importlib._bootstrap>", line 1027, in _find_and_load
2026-05-25 02:56:26:   File "<frozen importlib._bootstrap>", line 1006, in _find_and_load_unlocked
2026-05-25 02:56:26:   File "<frozen importlib._bootstrap>", line 688, in _load_unlocked
2026-05-25 02:56:26:   File "<frozen importlib._bootstrap_external>", line 883, in exec_module
2026-05-25 02:56:26:   File "<frozen importlib._bootstrap>", line 241, in _call_with_frames_removed
2026-05-25 02:56:26:   File "C:\seismocluster\backend\api\main.py", line 8, in <module>
2026-05-25 02:56:26:     from api.routes import ml, earthquake, cluster, summary
2026-05-25 02:56:26:   File "C:\seismocluster\backend\api\routes\ml.py", line 4, in <module>
2026-05-25 02:56:26:     import mlflow
2026-05-25 02:56:26: ModuleNotFoundError: No module named 'mlflow'
2026-05-25 02:56:32: Traceback (most recent call last):
2026-05-25 02:56:32:   File "C:\Users\USER\AppData\Local\Programs\Python\Python310\lib\runpy.py", line 196, in _run_module_as_main
2026-05-25 02:56:32:     return _run_code(code, main_globals, None,
2026-05-25 02:56:32:   File "C:\Users\USER\AppData\Local\Programs\Python\Python310\lib\runpy.py", line 86, in _run_code
2026-05-25 02:56:32:     exec(code, run_globals)
2026-05-25 02:56:32:   File "C:\Users\USER\AppData\Local\Programs\Python\Python310\Scripts\uvicorn.exe\__main__.py", line 7, in <module>
2026-05-25 02:56:32:     sys.exit(main())
2026-05-25 02:56:32:   File "C:\Users\USER\AppData\Local\Programs\Python\Python310\lib\site-packages\click\core.py", line 1485, in __call__
2026-05-25 02:56:32:     return self.main(*args, **kwargs)
2026-05-25 02:56:32:   File "C:\Users\USER\AppData\Local\Programs\Python\Python310\lib\site-packages\click\core.py", line 1406, in main
2026-05-25 02:56:32:     rv = self.invoke(ctx)
2026-05-25 02:56:32:   File "C:\Users\USER\AppData\Local\Programs\Python\Python310\lib\site-packages\click\core.py", line 1269, in invoke
2026-05-25 02:56:32:     return ctx.invoke(self.callback, **ctx.params)
2026-05-25 02:56:32:   File "C:\Users\USER\AppData\Local\Programs\Python\Python310\lib\site-packages\click\core.py", line 824, in invoke
2026-05-25 02:56:32:     return callback(*args, **kwargs)
2026-05-25 02:56:32:   File "C:\Users\USER\AppData\Local\Programs\Python\Python310\lib\site-packages\uvicorn\main.py", line 433, in main
2026-05-25 02:56:32:     run(
2026-05-25 02:56:32:   File "C:\Users\USER\AppData\Local\Programs\Python\Python310\lib\site-packages\uvicorn\main.py", line 606, in run
2026-05-25 02:56:32:     server.run()
2026-05-25 02:56:32:   File "C:\Users\USER\AppData\Local\Programs\Python\Python310\lib\site-packages\uvicorn\server.py", line 75, in run
2026-05-25 02:56:32:     return asyncio_run(self.serve(sockets=sockets), loop_factory=self.config.get_loop_factory())
2026-05-25 02:56:32:   File "C:\Users\USER\AppData\Local\Programs\Python\Python310\lib\site-packages\uvicorn\_compat.py", line 60, in asyncio_run
2026-05-25 02:56:32:     return loop.run_until_complete(main)
2026-05-25 02:56:32:   File "C:\Users\USER\AppData\Local\Programs\Python\Python310\lib\asyncio\base_events.py", line 649, in run_until_complete
2026-05-25 02:56:32:     return future.result()
2026-05-25 02:56:32:   File "C:\Users\USER\AppData\Local\Programs\Python\Python310\lib\site-packages\uvicorn\server.py", line 79, in serve
2026-05-25 02:56:32:     await self._serve(sockets)
2026-05-25 02:56:32:   File "C:\Users\USER\AppData\Local\Programs\Python\Python310\lib\site-packages\uvicorn\server.py", line 86, in _serve
2026-05-25 02:56:32:     config.load()
2026-05-25 02:56:32:   File "C:\Users\USER\AppData\Local\Programs\Python\Python310\lib\site-packages\uvicorn\config.py", line 441, in load
2026-05-25 02:56:32:     self.loaded_app = import_from_string(self.app)
2026-05-25 02:56:32:   File "C:\Users\USER\AppData\Local\Programs\Python\Python310\lib\site-packages\uvicorn\importer.py", line 22, in import_from_string
2026-05-25 02:56:32:     raise exc from None
2026-05-25 02:56:32:   File "C:\Users\USER\AppData\Local\Programs\Python\Python310\lib\site-packages\uvicorn\importer.py", line 19, in import_from_string
2026-05-25 02:56:32:     module = importlib.import_module(module_str)
2026-05-25 02:56:32:   File "C:\Users\USER\AppData\Local\Programs\Python\Python310\lib\importlib\__init__.py", line 126, in import_module
2026-05-25 02:56:32:     return _bootstrap._gcd_import(name[level:], package, level)
2026-05-25 02:56:32:   File "<frozen importlib._bootstrap>", line 1050, in _gcd_import
2026-05-25 02:56:32:   File "<frozen importlib._bootstrap>", line 1027, in _find_and_load
2026-05-25 02:56:32:   File "<frozen importlib._bootstrap>", line 1006, in _find_and_load_unlocked
2026-05-25 02:56:32:   File "<frozen importlib._bootstrap>", line 688, in _load_unlocked
2026-05-25 02:56:32:   File "<frozen importlib._bootstrap_external>", line 883, in exec_module
2026-05-25 02:56:32:   File "<frozen importlib._bootstrap>", line 241, in _call_with_frames_removed
2026-05-25 02:56:32:   File "C:\seismocluster\backend\api\main.py", line 8, in <module>
2026-05-25 02:56:32:     from api.routes import ml, earthquake, cluster, summary
2026-05-25 02:56:32:   File "C:\seismocluster\backend\api\routes\ml.py", line 4, in <module>
2026-05-25 02:56:32:     import mlflow
2026-05-25 02:56:32: ModuleNotFoundError: No module named 'mlflow'
2026-05-25 02:56:39: Traceback (most recent call last):
2026-05-25 02:56:39:   File "C:\Users\USER\AppData\Local\Programs\Python\Python310\lib\runpy.py", line 196, in _run_module_as_main
2026-05-25 02:56:39:     return _run_code(code, main_globals, None,
2026-05-25 02:56:39:   File "C:\Users\USER\AppData\Local\Programs\Python\Python310\lib\runpy.py", line 86, in _run_code
2026-05-25 02:56:39:     exec(code, run_globals)
2026-05-25 02:56:39:   File "C:\Users\USER\AppData\Local\Programs\Python\Python310\Scripts\uvicorn.exe\__main__.py", line 7, in <module>
2026-05-25 02:56:39:     sys.exit(main())
2026-05-25 02:56:39:   File "C:\Users\USER\AppData\Local\Programs\Python\Python310\lib\site-packages\click\core.py", line 1485, in __call__
2026-05-25 02:56:39:     return self.main(*args, **kwargs)
2026-05-25 02:56:39:   File "C:\Users\USER\AppData\Local\Programs\Python\Python310\lib\site-packages\click\core.py", line 1406, in main
2026-05-25 02:56:39:     rv = self.invoke(ctx)
2026-05-25 02:56:39:   File "C:\Users\USER\AppData\Local\Programs\Python\Python310\lib\site-packages\click\core.py", line 1269, in invoke
2026-05-25 02:56:39:     return ctx.invoke(self.callback, **ctx.params)
2026-05-25 02:56:39:   File "C:\Users\USER\AppData\Local\Programs\Python\Python310\lib\site-packages\click\core.py", line 824, in invoke
2026-05-25 02:56:39:     return callback(*args, **kwargs)
2026-05-25 02:56:39:   File "C:\Users\USER\AppData\Local\Programs\Python\Python310\lib\site-packages\uvicorn\main.py", line 433, in main
2026-05-25 02:56:39:     run(
2026-05-25 02:56:39:   File "C:\Users\USER\AppData\Local\Programs\Python\Python310\lib\site-packages\uvicorn\main.py", line 606, in run
2026-05-25 02:56:39:     server.run()
2026-05-25 02:56:39:   File "C:\Users\USER\AppData\Local\Programs\Python\Python310\lib\site-packages\uvicorn\server.py", line 75, in run
2026-05-25 02:56:39:     return asyncio_run(self.serve(sockets=sockets), loop_factory=self.config.get_loop_factory())
2026-05-25 02:56:39:   File "C:\Users\USER\AppData\Local\Programs\Python\Python310\lib\site-packages\uvicorn\_compat.py", line 60, in asyncio_run
2026-05-25 02:56:39:     return loop.run_until_complete(main)
2026-05-25 02:56:39:   File "C:\Users\USER\AppData\Local\Programs\Python\Python310\lib\asyncio\base_events.py", line 649, in run_until_complete
2026-05-25 02:56:39:     return future.result()
2026-05-25 02:56:39:   File "C:\Users\USER\AppData\Local\Programs\Python\Python310\lib\site-packages\uvicorn\server.py", line 79, in serve
2026-05-25 02:56:39:     await self._serve(sockets)
2026-05-25 02:56:39:   File "C:\Users\USER\AppData\Local\Programs\Python\Python310\lib\site-packages\uvicorn\server.py", line 86, in _serve
2026-05-25 02:56:39:     config.load()
2026-05-25 02:56:39:   File "C:\Users\USER\AppData\Local\Programs\Python\Python310\lib\site-packages\uvicorn\config.py", line 441, in load
2026-05-25 02:56:39:     self.loaded_app = import_from_string(self.app)
2026-05-25 02:56:39:   File "C:\Users\USER\AppData\Local\Programs\Python\Python310\lib\site-packages\uvicorn\importer.py", line 22, in import_from_string
2026-05-25 02:56:39:     raise exc from None
2026-05-25 02:56:39:   File "C:\Users\USER\AppData\Local\Programs\Python\Python310\lib\site-packages\uvicorn\importer.py", line 19, in import_from_string
2026-05-25 02:56:39:     module = importlib.import_module(module_str)
2026-05-25 02:56:39:   File "C:\Users\USER\AppData\Local\Programs\Python\Python310\lib\importlib\__init__.py", line 126, in import_module
2026-05-25 02:56:39:     return _bootstrap._gcd_import(name[level:], package, level)
2026-05-25 02:56:39:   File "<frozen importlib._bootstrap>", line 1050, in _gcd_import
2026-05-25 02:56:39:   File "<frozen importlib._bootstrap>", line 1027, in _find_and_load
2026-05-25 02:56:39:   File "<frozen importlib._bootstrap>", line 1006, in _find_and_load_unlocked
2026-05-25 02:56:39:   File "<frozen importlib._bootstrap>", line 688, in _load_unlocked
2026-05-25 02:56:39:   File "<frozen importlib._bootstrap_external>", line 883, in exec_module
2026-05-25 02:56:39:   File "<frozen importlib._bootstrap>", line 241, in _call_with_frames_removed
2026-05-25 02:56:39:   File "C:\seismocluster\backend\api\main.py", line 8, in <module>
2026-05-25 02:56:39:     from api.routes import ml, earthquake, cluster, summary
2026-05-25 02:56:39:   File "C:\seismocluster\backend\api\routes\ml.py", line 4, in <module>
2026-05-25 02:56:39:     import mlflow
2026-05-25 02:56:39: ModuleNotFoundError: No module named 'mlflow'
2026-05-25 02:56:45: Traceback (most recent call last):
2026-05-25 02:56:45:   File "C:\Users\USER\AppData\Local\Programs\Python\Python310\lib\runpy.py", line 196, in _run_module_as_main
2026-05-25 02:56:45:     return _run_code(code, main_globals, None,
2026-05-25 02:56:45:   File "C:\Users\USER\AppData\Local\Programs\Python\Python310\lib\runpy.py", line 86, in _run_code
2026-05-25 02:56:45:     exec(code, run_globals)
2026-05-25 02:56:45:   File "C:\Users\USER\AppData\Local\Programs\Python\Python310\Scripts\uvicorn.exe\__main__.py", line 7, in <module>
2026-05-25 02:56:45:     sys.exit(main())
2026-05-25 02:56:45:   File "C:\Users\USER\AppData\Local\Programs\Python\Python310\lib\site-packages\click\core.py", line 1485, in __call__
2026-05-25 02:56:45:     return self.main(*args, **kwargs)
2026-05-25 02:56:45:   File "C:\Users\USER\AppData\Local\Programs\Python\Python310\lib\site-packages\click\core.py", line 1406, in main
2026-05-25 02:56:45:     rv = self.invoke(ctx)
2026-05-25 02:56:45:   File "C:\Users\USER\AppData\Local\Programs\Python\Python310\lib\site-packages\click\core.py", line 1269, in invoke
2026-05-25 02:56:45:     return ctx.invoke(self.callback, **ctx.params)
2026-05-25 02:56:45:   File "C:\Users\USER\AppData\Local\Programs\Python\Python310\lib\site-packages\click\core.py", line 824, in invoke
2026-05-25 02:56:45:     return callback(*args, **kwargs)
2026-05-25 02:56:45:   File "C:\Users\USER\AppData\Local\Programs\Python\Python310\lib\site-packages\uvicorn\main.py", line 433, in main
2026-05-25 02:56:45:     run(
2026-05-25 02:56:45:   File "C:\Users\USER\AppData\Local\Programs\Python\Python310\lib\site-packages\uvicorn\main.py", line 606, in run
2026-05-25 02:56:45:     server.run()
2026-05-25 02:56:45:   File "C:\Users\USER\AppData\Local\Programs\Python\Python310\lib\site-packages\uvicorn\server.py", line 75, in run
2026-05-25 02:56:45:     return asyncio_run(self.serve(sockets=sockets), loop_factory=self.config.get_loop_factory())
2026-05-25 02:56:45:   File "C:\Users\USER\AppData\Local\Programs\Python\Python310\lib\site-packages\uvicorn\_compat.py", line 60, in asyncio_run
2026-05-25 02:56:45:     return loop.run_until_complete(main)
2026-05-25 02:56:45:   File "C:\Users\USER\AppData\Local\Programs\Python\Python310\lib\asyncio\base_events.py", line 649, in run_until_complete
2026-05-25 02:56:45:     return future.result()
2026-05-25 02:56:45:   File "C:\Users\USER\AppData\Local\Programs\Python\Python310\lib\site-packages\uvicorn\server.py", line 79, in serve
2026-05-25 02:56:45:     await self._serve(sockets)
2026-05-25 02:56:45:   File "C:\Users\USER\AppData\Local\Programs\Python\Python310\lib\site-packages\uvicorn\server.py", line 86, in _serve
2026-05-25 02:56:45:     config.load()
2026-05-25 02:56:45:   File "C:\Users\USER\AppData\Local\Programs\Python\Python310\lib\site-packages\uvicorn\config.py", line 441, in load
2026-05-25 02:56:45:     self.loaded_app = import_from_string(self.app)
2026-05-25 02:56:45:   File "C:\Users\USER\AppData\Local\Programs\Python\Python310\lib\site-packages\uvicorn\importer.py", line 22, in import_from_string
2026-05-25 02:56:45:     raise exc from None
2026-05-25 02:56:45:   File "C:\Users\USER\AppData\Local\Programs\Python\Python310\lib\site-packages\uvicorn\importer.py", line 19, in import_from_string
2026-05-25 02:56:45:     module = importlib.import_module(module_str)
2026-05-25 02:56:45:   File "C:\Users\USER\AppData\Local\Programs\Python\Python310\lib\importlib\__init__.py", line 126, in import_module
2026-05-25 02:56:45:     return _bootstrap._gcd_import(name[level:], package, level)
2026-05-25 02:56:45:   File "<frozen importlib._bootstrap>", line 1050, in _gcd_import
2026-05-25 02:56:45:   File "<frozen importlib._bootstrap>", line 1027, in _find_and_load
2026-05-25 02:56:45:   File "<frozen importlib._bootstrap>", line 1006, in _find_and_load_unlocked
2026-05-25 02:56:45:   File "<frozen importlib._bootstrap>", line 688, in _load_unlocked
2026-05-25 02:56:45:   File "<frozen importlib._bootstrap_external>", line 883, in exec_module
2026-05-25 02:56:45:   File "<frozen importlib._bootstrap>", line 241, in _call_with_frames_removed
2026-05-25 02:56:45:   File "C:\seismocluster\backend\api\main.py", line 8, in <module>
2026-05-25 02:56:45:     from api.routes import ml, earthquake, cluster, summary
2026-05-25 02:56:45:   File "C:\seismocluster\backend\api\routes\ml.py", line 4, in <module>
2026-05-25 02:56:45:     import mlflow
2026-05-25 02:56:45: ModuleNotFoundError: No module named 'mlflow'
2026-05-25 02:56:52: Traceback (most recent call last):
2026-05-25 02:56:52:   File "C:\Users\USER\AppData\Local\Programs\Python\Python310\lib\runpy.py", line 196, in _run_module_as_main
2026-05-25 02:56:52:     return _run_code(code, main_globals, None,
2026-05-25 02:56:52:   File "C:\Users\USER\AppData\Local\Programs\Python\Python310\lib\runpy.py", line 86, in _run_code
2026-05-25 02:56:52:     exec(code, run_globals)
2026-05-25 02:56:52:   File "C:\Users\USER\AppData\Local\Programs\Python\Python310\Scripts\uvicorn.exe\__main__.py", line 7, in <module>
2026-05-25 02:56:52:     sys.exit(main())
2026-05-25 02:56:52:   File "C:\Users\USER\AppData\Local\Programs\Python\Python310\lib\site-packages\click\core.py", line 1485, in __call__
2026-05-25 02:56:52:     return self.main(*args, **kwargs)
2026-05-25 02:56:52:   File "C:\Users\USER\AppData\Local\Programs\Python\Python310\lib\site-packages\click\core.py", line 1406, in main
2026-05-25 02:56:52:     rv = self.invoke(ctx)
2026-05-25 02:56:52:   File "C:\Users\USER\AppData\Local\Programs\Python\Python310\lib\site-packages\click\core.py", line 1269, in invoke
2026-05-25 02:56:52:     return ctx.invoke(self.callback, **ctx.params)
2026-05-25 02:56:52:   File "C:\Users\USER\AppData\Local\Programs\Python\Python310\lib\site-packages\click\core.py", line 824, in invoke
2026-05-25 02:56:52:     return callback(*args, **kwargs)
2026-05-25 02:56:52:   File "C:\Users\USER\AppData\Local\Programs\Python\Python310\lib\site-packages\uvicorn\main.py", line 433, in main
2026-05-25 02:56:52:     run(
2026-05-25 02:56:52:   File "C:\Users\USER\AppData\Local\Programs\Python\Python310\lib\site-packages\uvicorn\main.py", line 606, in run
2026-05-25 02:56:52:     server.run()
2026-05-25 02:56:52:   File "C:\Users\USER\AppData\Local\Programs\Python\Python310\lib\site-packages\uvicorn\server.py", line 75, in run
2026-05-25 02:56:52:     return asyncio_run(self.serve(sockets=sockets), loop_factory=self.config.get_loop_factory())
2026-05-25 02:56:52:   File "C:\Users\USER\AppData\Local\Programs\Python\Python310\lib\site-packages\uvicorn\_compat.py", line 60, in asyncio_run
2026-05-25 02:56:52:     return loop.run_until_complete(main)
2026-05-25 02:56:52:   File "C:\Users\USER\AppData\Local\Programs\Python\Python310\lib\asyncio\base_events.py", line 649, in run_until_complete
2026-05-25 02:56:52:     return future.result()
2026-05-25 02:56:52:   File "C:\Users\USER\AppData\Local\Programs\Python\Python310\lib\site-packages\uvicorn\server.py", line 79, in serve
2026-05-25 02:56:52:     await self._serve(sockets)
2026-05-25 02:56:52:   File "C:\Users\USER\AppData\Local\Programs\Python\Python310\lib\site-packages\uvicorn\server.py", line 86, in _serve
2026-05-25 02:56:52:     config.load()
2026-05-25 02:56:52:   File "C:\Users\USER\AppData\Local\Programs\Python\Python310\lib\site-packages\uvicorn\config.py", line 441, in load
2026-05-25 02:56:52:     self.loaded_app = import_from_string(self.app)
2026-05-25 02:56:52:   File "C:\Users\USER\AppData\Local\Programs\Python\Python310\lib\site-packages\uvicorn\importer.py", line 22, in import_from_string
2026-05-25 02:56:52:     raise exc from None
2026-05-25 02:56:52:   File "C:\Users\USER\AppData\Local\Programs\Python\Python310\lib\site-packages\uvicorn\importer.py", line 19, in import_from_string
2026-05-25 02:56:52:     module = importlib.import_module(module_str)
2026-05-25 02:56:52:   File "C:\Users\USER\AppData\Local\Programs\Python\Python310\lib\importlib\__init__.py", line 126, in import_module
2026-05-25 02:56:52:     return _bootstrap._gcd_import(name[level:], package, level)
2026-05-25 02:56:52:   File "<frozen importlib._bootstrap>", line 1050, in _gcd_import
2026-05-25 02:56:52:   File "<frozen importlib._bootstrap>", line 1027, in _find_and_load
2026-05-25 02:56:52:   File "<frozen importlib._bootstrap>", line 1006, in _find_and_load_unlocked
2026-05-25 02:56:52:   File "<frozen importlib._bootstrap>", line 688, in _load_unlocked
2026-05-25 02:56:52:   File "<frozen importlib._bootstrap_external>", line 883, in exec_module
2026-05-25 02:56:52:   File "<frozen importlib._bootstrap>", line 241, in _call_with_frames_removed
2026-05-25 02:56:52:   File "C:\seismocluster\backend\api\main.py", line 8, in <module>
2026-05-25 02:56:52:     from api.routes import ml, earthquake, cluster, summary
2026-05-25 02:56:52:   File "C:\seismocluster\backend\api\routes\ml.py", line 4, in <module>
2026-05-25 02:56:52:     import mlflow
2026-05-25 02:56:52: ModuleNotFoundError: No module named 'mlflow'
2026-05-25 02:56:58: Traceback (most recent call last):
2026-05-25 02:56:58:   File "C:\Users\USER\AppData\Local\Programs\Python\Python310\lib\runpy.py", line 196, in _run_module_as_main
2026-05-25 02:56:58:     return _run_code(code, main_globals, None,
2026-05-25 02:56:58:   File "C:\Users\USER\AppData\Local\Programs\Python\Python310\lib\runpy.py", line 86, in _run_code
2026-05-25 02:56:58:     exec(code, run_globals)
2026-05-25 02:56:58:   File "C:\Users\USER\AppData\Local\Programs\Python\Python310\Scripts\uvicorn.exe\__main__.py", line 7, in <module>
2026-05-25 02:56:58:     sys.exit(main())
2026-05-25 02:56:58:   File "C:\Users\USER\AppData\Local\Programs\Python\Python310\lib\site-packages\click\core.py", line 1485, in __call__
2026-05-25 02:56:58:     return self.main(*args, **kwargs)
2026-05-25 02:56:58:   File "C:\Users\USER\AppData\Local\Programs\Python\Python310\lib\site-packages\click\core.py", line 1406, in main
2026-05-25 02:56:58:     rv = self.invoke(ctx)
2026-05-25 02:56:58:   File "C:\Users\USER\AppData\Local\Programs\Python\Python310\lib\site-packages\click\core.py", line 1269, in invoke
2026-05-25 02:56:58:     return ctx.invoke(self.callback, **ctx.params)
2026-05-25 02:56:58:   File "C:\Users\USER\AppData\Local\Programs\Python\Python310\lib\site-packages\click\core.py", line 824, in invoke
2026-05-25 02:56:58:     return callback(*args, **kwargs)
2026-05-25 02:56:58:   File "C:\Users\USER\AppData\Local\Programs\Python\Python310\lib\site-packages\uvicorn\main.py", line 433, in main
2026-05-25 02:56:58:     run(
2026-05-25 02:56:58:   File "C:\Users\USER\AppData\Local\Programs\Python\Python310\lib\site-packages\uvicorn\main.py", line 606, in run
2026-05-25 02:56:58:     server.run()
2026-05-25 02:56:58:   File "C:\Users\USER\AppData\Local\Programs\Python\Python310\lib\site-packages\uvicorn\server.py", line 75, in run
2026-05-25 02:56:58:     return asyncio_run(self.serve(sockets=sockets), loop_factory=self.config.get_loop_factory())
2026-05-25 02:56:58:   File "C:\Users\USER\AppData\Local\Programs\Python\Python310\lib\site-packages\uvicorn\_compat.py", line 60, in asyncio_run
2026-05-25 02:56:58:     return loop.run_until_complete(main)
2026-05-25 02:56:58:   File "C:\Users\USER\AppData\Local\Programs\Python\Python310\lib\asyncio\base_events.py", line 649, in run_until_complete
2026-05-25 02:56:58:     return future.result()
2026-05-25 02:56:58:   File "C:\Users\USER\AppData\Local\Programs\Python\Python310\lib\site-packages\uvicorn\server.py", line 79, in serve
2026-05-25 02:56:58:     await self._serve(sockets)
2026-05-25 02:56:58:   File "C:\Users\USER\AppData\Local\Programs\Python\Python310\lib\site-packages\uvicorn\server.py", line 86, in _serve
2026-05-25 02:56:58:     config.load()
2026-05-25 02:56:58:   File "C:\Users\USER\AppData\Local\Programs\Python\Python310\lib\site-packages\uvicorn\config.py", line 441, in load
2026-05-25 02:56:58:     self.loaded_app = import_from_string(self.app)
2026-05-25 02:56:58:   File "C:\Users\USER\AppData\Local\Programs\Python\Python310\lib\site-packages\uvicorn\importer.py", line 22, in import_from_string
2026-05-25 02:56:58:     raise exc from None
2026-05-25 02:56:58:   File "C:\Users\USER\AppData\Local\Programs\Python\Python310\lib\site-packages\uvicorn\importer.py", line 19, in import_from_string
2026-05-25 02:56:58:     module = importlib.import_module(module_str)
2026-05-25 02:56:58:   File "C:\Users\USER\AppData\Local\Programs\Python\Python310\lib\importlib\__init__.py", line 126, in import_module
2026-05-25 02:56:58:     return _bootstrap._gcd_import(name[level:], package, level)
2026-05-25 02:56:58:   File "<frozen importlib._bootstrap>", line 1050, in _gcd_import
2026-05-25 02:56:58:   File "<frozen importlib._bootstrap>", line 1027, in _find_and_load
2026-05-25 02:56:58:   File "<frozen importlib._bootstrap>", line 1006, in _find_and_load_unlocked
2026-05-25 02:56:58:   File "<frozen importlib._bootstrap>", line 688, in _load_unlocked
2026-05-25 02:56:58:   File "<frozen importlib._bootstrap_external>", line 883, in exec_module
2026-05-25 02:56:58:   File "<frozen importlib._bootstrap>", line 241, in _call_with_frames_removed
2026-05-25 02:56:58:   File "C:\seismocluster\backend\api\main.py", line 8, in <module>
2026-05-25 02:56:58:     from api.routes import ml, earthquake, cluster, summary
2026-05-25 02:56:58:   File "C:\seismocluster\backend\api\routes\ml.py", line 4, in <module>
2026-05-25 02:56:58:     import mlflow
2026-05-25 02:56:58: ModuleNotFoundError: No module named 'mlflow'
2026-05-25 02:57:05: Traceback (most recent call last):
2026-05-25 02:57:05:   File "C:\Users\USER\AppData\Local\Programs\Python\Python310\lib\runpy.py", line 196, in _run_module_as_main
2026-05-25 02:57:05:     return _run_code(code, main_globals, None,
2026-05-25 02:57:05:   File "C:\Users\USER\AppData\Local\Programs\Python\Python310\lib\runpy.py", line 86, in _run_code
2026-05-25 02:57:05:     exec(code, run_globals)
2026-05-25 02:57:05:   File "C:\Users\USER\AppData\Local\Programs\Python\Python310\Scripts\uvicorn.exe\__main__.py", line 7, in <module>
2026-05-25 02:57:05:     sys.exit(main())
2026-05-25 02:57:05:   File "C:\Users\USER\AppData\Local\Programs\Python\Python310\lib\site-packages\click\core.py", line 1485, in __call__
2026-05-25 02:57:05:     return self.main(*args, **kwargs)
2026-05-25 02:57:05:   File "C:\Users\USER\AppData\Local\Programs\Python\Python310\lib\site-packages\click\core.py", line 1406, in main
2026-05-25 02:57:05:     rv = self.invoke(ctx)
2026-05-25 02:57:05:   File "C:\Users\USER\AppData\Local\Programs\Python\Python310\lib\site-packages\click\core.py", line 1269, in invoke
2026-05-25 02:57:05:     return ctx.invoke(self.callback, **ctx.params)
2026-05-25 02:57:05:   File "C:\Users\USER\AppData\Local\Programs\Python\Python310\lib\site-packages\click\core.py", line 824, in invoke
2026-05-25 02:57:05:     return callback(*args, **kwargs)
2026-05-25 02:57:05:   File "C:\Users\USER\AppData\Local\Programs\Python\Python310\lib\site-packages\uvicorn\main.py", line 433, in main
2026-05-25 02:57:05:     run(
2026-05-25 02:57:05:   File "C:\Users\USER\AppData\Local\Programs\Python\Python310\lib\site-packages\uvicorn\main.py", line 606, in run
2026-05-25 02:57:05:     server.run()
2026-05-25 02:57:05:   File "C:\Users\USER\AppData\Local\Programs\Python\Python310\lib\site-packages\uvicorn\server.py", line 75, in run
2026-05-25 02:57:05:     return asyncio_run(self.serve(sockets=sockets), loop_factory=self.config.get_loop_factory())
2026-05-25 02:57:05:   File "C:\Users\USER\AppData\Local\Programs\Python\Python310\lib\site-packages\uvicorn\_compat.py", line 60, in asyncio_run
2026-05-25 02:57:05:     return loop.run_until_complete(main)
2026-05-25 02:57:05:   File "C:\Users\USER\AppData\Local\Programs\Python\Python310\lib\asyncio\base_events.py", line 649, in run_until_complete
2026-05-25 02:57:05:     return future.result()
2026-05-25 02:57:05:   File "C:\Users\USER\AppData\Local\Programs\Python\Python310\lib\site-packages\uvicorn\server.py", line 79, in serve
2026-05-25 02:57:05:     await self._serve(sockets)
2026-05-25 02:57:05:   File "C:\Users\USER\AppData\Local\Programs\Python\Python310\lib\site-packages\uvicorn\server.py", line 86, in _serve
2026-05-25 02:57:05:     config.load()
2026-05-25 02:57:05:   File "C:\Users\USER\AppData\Local\Programs\Python\Python310\lib\site-packages\uvicorn\config.py", line 441, in load
2026-05-25 02:57:05:     self.loaded_app = import_from_string(self.app)
2026-05-25 02:57:05:   File "C:\Users\USER\AppData\Local\Programs\Python\Python310\lib\site-packages\uvicorn\importer.py", line 22, in import_from_string
2026-05-25 02:57:05:     raise exc from None
2026-05-25 02:57:05:   File "C:\Users\USER\AppData\Local\Programs\Python\Python310\lib\site-packages\uvicorn\importer.py", line 19, in import_from_string
2026-05-25 02:57:05:     module = importlib.import_module(module_str)
2026-05-25 02:57:05:   File "C:\Users\USER\AppData\Local\Programs\Python\Python310\lib\importlib\__init__.py", line 126, in import_module
2026-05-25 02:57:05:     return _bootstrap._gcd_import(name[level:], package, level)
2026-05-25 02:57:05:   File "<frozen importlib._bootstrap>", line 1050, in _gcd_import
2026-05-25 02:57:05:   File "<frozen importlib._bootstrap>", line 1027, in _find_and_load
2026-05-25 02:57:05:   File "<frozen importlib._bootstrap>", line 1006, in _find_and_load_unlocked
2026-05-25 02:57:05:   File "<frozen importlib._bootstrap>", line 688, in _load_unlocked
2026-05-25 02:57:05:   File "<frozen importlib._bootstrap_external>", line 883, in exec_module
2026-05-25 02:57:05:   File "<frozen importlib._bootstrap>", line 241, in _call_with_frames_removed
2026-05-25 02:57:05:   File "C:\seismocluster\backend\api\main.py", line 8, in <module>
2026-05-25 02:57:05:     from api.routes import ml, earthquake, cluster, summary
2026-05-25 02:57:05:   File "C:\seismocluster\backend\api\routes\ml.py", line 4, in <module>
2026-05-25 02:57:05:     import mlflow
2026-05-25 02:57:05: ModuleNotFoundError: No module named 'mlflow'
2026-05-25 02:57:12: Traceback (most recent call last):
2026-05-25 02:57:12:   File "C:\Users\USER\AppData\Local\Programs\Python\Python310\lib\runpy.py", line 196, in _run_module_as_main
2026-05-25 02:57:12:     return _run_code(code, main_globals, None,
2026-05-25 02:57:12:   File "C:\Users\USER\AppData\Local\Programs\Python\Python310\lib\runpy.py", line 86, in _run_code
2026-05-25 02:57:12:     exec(code, run_globals)
2026-05-25 02:57:12:   File "C:\Users\USER\AppData\Local\Programs\Python\Python310\Scripts\uvicorn.exe\__main__.py", line 7, in <module>
2026-05-25 02:57:12:     sys.exit(main())
2026-05-25 02:57:12:   File "C:\Users\USER\AppData\Local\Programs\Python\Python310\lib\site-packages\click\core.py", line 1485, in __call__
2026-05-25 02:57:12:     return self.main(*args, **kwargs)
2026-05-25 02:57:12:   File "C:\Users\USER\AppData\Local\Programs\Python\Python310\lib\site-packages\click\core.py", line 1406, in main
2026-05-25 02:57:12:     rv = self.invoke(ctx)
2026-05-25 02:57:12:   File "C:\Users\USER\AppData\Local\Programs\Python\Python310\lib\site-packages\click\core.py", line 1269, in invoke
2026-05-25 02:57:12:     return ctx.invoke(self.callback, **ctx.params)
2026-05-25 02:57:12:   File "C:\Users\USER\AppData\Local\Programs\Python\Python310\lib\site-packages\click\core.py", line 824, in invoke
2026-05-25 02:57:12:     return callback(*args, **kwargs)
2026-05-25 02:57:12:   File "C:\Users\USER\AppData\Local\Programs\Python\Python310\lib\site-packages\uvicorn\main.py", line 433, in main
2026-05-25 02:57:12:     run(
2026-05-25 02:57:12:   File "C:\Users\USER\AppData\Local\Programs\Python\Python310\lib\site-packages\uvicorn\main.py", line 606, in run
2026-05-25 02:57:12:     server.run()
2026-05-25 02:57:12:   File "C:\Users\USER\AppData\Local\Programs\Python\Python310\lib\site-packages\uvicorn\server.py", line 75, in run
2026-05-25 02:57:12:     return asyncio_run(self.serve(sockets=sockets), loop_factory=self.config.get_loop_factory())
2026-05-25 02:57:12:   File "C:\Users\USER\AppData\Local\Programs\Python\Python310\lib\site-packages\uvicorn\_compat.py", line 60, in asyncio_run
2026-05-25 02:57:12:     return loop.run_until_complete(main)
2026-05-25 02:57:12:   File "C:\Users\USER\AppData\Local\Programs\Python\Python310\lib\asyncio\base_events.py", line 649, in run_until_complete
2026-05-25 02:57:12:     return future.result()
2026-05-25 02:57:12:   File "C:\Users\USER\AppData\Local\Programs\Python\Python310\lib\site-packages\uvicorn\server.py", line 79, in serve
2026-05-25 02:57:12:     await self._serve(sockets)
2026-05-25 02:57:12:   File "C:\Users\USER\AppData\Local\Programs\Python\Python310\lib\site-packages\uvicorn\server.py", line 86, in _serve
2026-05-25 02:57:12:     config.load()
2026-05-25 02:57:12:   File "C:\Users\USER\AppData\Local\Programs\Python\Python310\lib\site-packages\uvicorn\config.py", line 441, in load
2026-05-25 02:57:12:     self.loaded_app = import_from_string(self.app)
2026-05-25 02:57:12:   File "C:\Users\USER\AppData\Local\Programs\Python\Python310\lib\site-packages\uvicorn\importer.py", line 22, in import_from_string
2026-05-25 02:57:12:     raise exc from None
2026-05-25 02:57:12:   File "C:\Users\USER\AppData\Local\Programs\Python\Python310\lib\site-packages\uvicorn\importer.py", line 19, in import_from_string
2026-05-25 02:57:12:     module = importlib.import_module(module_str)
2026-05-25 02:57:12:   File "C:\Users\USER\AppData\Local\Programs\Python\Python310\lib\importlib\__init__.py", line 126, in import_module
2026-05-25 02:57:12:     return _bootstrap._gcd_import(name[level:], package, level)
2026-05-25 02:57:12:   File "<frozen importlib._bootstrap>", line 1050, in _gcd_import
2026-05-25 02:57:12:   File "<frozen importlib._bootstrap>", line 1027, in _find_and_load
2026-05-25 02:57:12:   File "<frozen importlib._bootstrap>", line 1006, in _find_and_load_unlocked
2026-05-25 02:57:12:   File "<frozen importlib._bootstrap>", line 688, in _load_unlocked
2026-05-25 02:57:12:   File "<frozen importlib._bootstrap_external>", line 883, in exec_module
2026-05-25 02:57:12:   File "<frozen importlib._bootstrap>", line 241, in _call_with_frames_removed
2026-05-25 02:57:12:   File "C:\seismocluster\backend\api\main.py", line 8, in <module>
2026-05-25 02:57:12:     from api.routes import ml, earthquake, cluster, summary
2026-05-25 02:57:12:   File "C:\seismocluster\backend\api\routes\ml.py", line 4, in <module>
2026-05-25 02:57:12:     import mlflow
2026-05-25 02:57:12: ModuleNotFoundError: No module named 'mlflow'
2026-05-25 02:57:19: Traceback (most recent call last):
2026-05-25 02:57:19:   File "C:\Users\USER\AppData\Local\Programs\Python\Python310\lib\runpy.py", line 196, in _run_module_as_main
2026-05-25 02:57:19:     return _run_code(code, main_globals, None,
2026-05-25 02:57:19:   File "C:\Users\USER\AppData\Local\Programs\Python\Python310\lib\runpy.py", line 86, in _run_code
2026-05-25 02:57:19:     exec(code, run_globals)
2026-05-25 02:57:19:   File "C:\Users\USER\AppData\Local\Programs\Python\Python310\Scripts\uvicorn.exe\__main__.py", line 7, in <module>
2026-05-25 02:57:19:     sys.exit(main())
2026-05-25 02:57:19:   File "C:\Users\USER\AppData\Local\Programs\Python\Python310\lib\site-packages\click\core.py", line 1485, in __call__
2026-05-25 02:57:19:     return self.main(*args, **kwargs)
2026-05-25 02:57:19:   File "C:\Users\USER\AppData\Local\Programs\Python\Python310\lib\site-packages\click\core.py", line 1406, in main
2026-05-25 02:57:19:     rv = self.invoke(ctx)
2026-05-25 02:57:19:   File "C:\Users\USER\AppData\Local\Programs\Python\Python310\lib\site-packages\click\core.py", line 1269, in invoke
2026-05-25 02:57:19:     return ctx.invoke(self.callback, **ctx.params)
2026-05-25 02:57:19:   File "C:\Users\USER\AppData\Local\Programs\Python\Python310\lib\site-packages\click\core.py", line 824, in invoke
2026-05-25 02:57:19:     return callback(*args, **kwargs)
2026-05-25 02:57:19:   File "C:\Users\USER\AppData\Local\Programs\Python\Python310\lib\site-packages\uvicorn\main.py", line 433, in main
2026-05-25 02:57:19:     run(
2026-05-25 02:57:19:   File "C:\Users\USER\AppData\Local\Programs\Python\Python310\lib\site-packages\uvicorn\main.py", line 606, in run
2026-05-25 02:57:19:     server.run()
2026-05-25 02:57:19:   File "C:\Users\USER\AppData\Local\Programs\Python\Python310\lib\site-packages\uvicorn\server.py", line 75, in run
2026-05-25 02:57:19:     return asyncio_run(self.serve(sockets=sockets), loop_factory=self.config.get_loop_factory())
2026-05-25 02:57:19:   File "C:\Users\USER\AppData\Local\Programs\Python\Python310\lib\site-packages\uvicorn\_compat.py", line 60, in asyncio_run
2026-05-25 02:57:19:     return loop.run_until_complete(main)
2026-05-25 02:57:19:   File "C:\Users\USER\AppData\Local\Programs\Python\Python310\lib\asyncio\base_events.py", line 649, in run_until_complete
2026-05-25 02:57:19:     return future.result()
2026-05-25 02:57:19:   File "C:\Users\USER\AppData\Local\Programs\Python\Python310\lib\site-packages\uvicorn\server.py", line 79, in serve
2026-05-25 02:57:19:     await self._serve(sockets)
2026-05-25 02:57:19:   File "C:\Users\USER\AppData\Local\Programs\Python\Python310\lib\site-packages\uvicorn\server.py", line 86, in _serve
2026-05-25 02:57:19:     config.load()
2026-05-25 02:57:19:   File "C:\Users\USER\AppData\Local\Programs\Python\Python310\lib\site-packages\uvicorn\config.py", line 441, in load
2026-05-25 02:57:19:     self.loaded_app = import_from_string(self.app)
2026-05-25 02:57:19:   File "C:\Users\USER\AppData\Local\Programs\Python\Python310\lib\site-packages\uvicorn\importer.py", line 22, in import_from_string
2026-05-25 02:57:19:     raise exc from None
2026-05-25 02:57:19:   File "C:\Users\USER\AppData\Local\Programs\Python\Python310\lib\site-packages\uvicorn\importer.py", line 19, in import_from_string
2026-05-25 02:57:19:     module = importlib.import_module(module_str)
2026-05-25 02:57:19:   File "C:\Users\USER\AppData\Local\Programs\Python\Python310\lib\importlib\__init__.py", line 126, in import_module
2026-05-25 02:57:19:     return _bootstrap._gcd_import(name[level:], package, level)
2026-05-25 02:57:19:   File "<frozen importlib._bootstrap>", line 1050, in _gcd_import
2026-05-25 02:57:19:   File "<frozen importlib._bootstrap>", line 1027, in _find_and_load
2026-05-25 02:57:19:   File "<frozen importlib._bootstrap>", line 1006, in _find_and_load_unlocked
2026-05-25 02:57:19:   File "<frozen importlib._bootstrap>", line 688, in _load_unlocked
2026-05-25 02:57:19:   File "<frozen importlib._bootstrap_external>", line 883, in exec_module
2026-05-25 02:57:19:   File "<frozen importlib._bootstrap>", line 241, in _call_with_frames_removed
2026-05-25 02:57:19:   File "C:\seismocluster\backend\api\main.py", line 8, in <module>
2026-05-25 02:57:19:     from api.routes import ml, earthquake, cluster, summary
2026-05-25 02:57:19:   File "C:\seismocluster\backend\api\routes\ml.py", line 4, in <module>
2026-05-25 02:57:19:     import mlflow
2026-05-25 02:57:19: ModuleNotFoundError: No module named 'mlflow'
2026-05-25 02:57:25: Traceback (most recent call last):
2026-05-25 02:57:25:   File "C:\Users\USER\AppData\Local\Programs\Python\Python310\lib\runpy.py", line 196, in _run_module_as_main
2026-05-25 02:57:25:     return _run_code(code, main_globals, None,
2026-05-25 02:57:25:   File "C:\Users\USER\AppData\Local\Programs\Python\Python310\lib\runpy.py", line 86, in _run_code
2026-05-25 02:57:25:     exec(code, run_globals)
2026-05-25 02:57:25:   File "C:\Users\USER\AppData\Local\Programs\Python\Python310\Scripts\uvicorn.exe\__main__.py", line 7, in <module>
2026-05-25 02:57:25:     sys.exit(main())
2026-05-25 02:57:25:   File "C:\Users\USER\AppData\Local\Programs\Python\Python310\lib\site-packages\click\core.py", line 1485, in __call__
2026-05-25 02:57:25:     return self.main(*args, **kwargs)
2026-05-25 02:57:25:   File "C:\Users\USER\AppData\Local\Programs\Python\Python310\lib\site-packages\click\core.py", line 1406, in main
2026-05-25 02:57:25:     rv = self.invoke(ctx)
2026-05-25 02:57:25:   File "C:\Users\USER\AppData\Local\Programs\Python\Python310\lib\site-packages\click\core.py", line 1269, in invoke
2026-05-25 02:57:25:     return ctx.invoke(self.callback, **ctx.params)
2026-05-25 02:57:25:   File "C:\Users\USER\AppData\Local\Programs\Python\Python310\lib\site-packages\click\core.py", line 824, in invoke
2026-05-25 02:57:25:     return callback(*args, **kwargs)
2026-05-25 02:57:25:   File "C:\Users\USER\AppData\Local\Programs\Python\Python310\lib\site-packages\uvicorn\main.py", line 433, in main
2026-05-25 02:57:25:     run(
2026-05-25 02:57:25:   File "C:\Users\USER\AppData\Local\Programs\Python\Python310\lib\site-packages\uvicorn\main.py", line 606, in run
2026-05-25 02:57:25:     server.run()
2026-05-25 02:57:25:   File "C:\Users\USER\AppData\Local\Programs\Python\Python310\lib\site-packages\uvicorn\server.py", line 75, in run
2026-05-25 02:57:25:     return asyncio_run(self.serve(sockets=sockets), loop_factory=self.config.get_loop_factory())
2026-05-25 02:57:25:   File "C:\Users\USER\AppData\Local\Programs\Python\Python310\lib\site-packages\uvicorn\_compat.py", line 60, in asyncio_run
2026-05-25 02:57:25:     return loop.run_until_complete(main)
2026-05-25 02:57:25:   File "C:\Users\USER\AppData\Local\Programs\Python\Python310\lib\asyncio\base_events.py", line 649, in run_until_complete
2026-05-25 02:57:25:     return future.result()
2026-05-25 02:57:25:   File "C:\Users\USER\AppData\Local\Programs\Python\Python310\lib\site-packages\uvicorn\server.py", line 79, in serve
2026-05-25 02:57:25:     await self._serve(sockets)
2026-05-25 02:57:25:   File "C:\Users\USER\AppData\Local\Programs\Python\Python310\lib\site-packages\uvicorn\server.py", line 86, in _serve
2026-05-25 02:57:25:     config.load()
2026-05-25 02:57:25:   File "C:\Users\USER\AppData\Local\Programs\Python\Python310\lib\site-packages\uvicorn\config.py", line 441, in load
2026-05-25 02:57:25:     self.loaded_app = import_from_string(self.app)
2026-05-25 02:57:25:   File "C:\Users\USER\AppData\Local\Programs\Python\Python310\lib\site-packages\uvicorn\importer.py", line 22, in import_from_string
2026-05-25 02:57:25:     raise exc from None
2026-05-25 02:57:25:   File "C:\Users\USER\AppData\Local\Programs\Python\Python310\lib\site-packages\uvicorn\importer.py", line 19, in import_from_string
2026-05-25 02:57:25:     module = importlib.import_module(module_str)
2026-05-25 02:57:25:   File "C:\Users\USER\AppData\Local\Programs\Python\Python310\lib\importlib\__init__.py", line 126, in import_module
2026-05-25 02:57:25:     return _bootstrap._gcd_import(name[level:], package, level)
2026-05-25 02:57:25:   File "<frozen importlib._bootstrap>", line 1050, in _gcd_import
2026-05-25 02:57:25:   File "<frozen importlib._bootstrap>", line 1027, in _find_and_load
2026-05-25 02:57:25:   File "<frozen importlib._bootstrap>", line 1006, in _find_and_load_unlocked
2026-05-25 02:57:25:   File "<frozen importlib._bootstrap>", line 688, in _load_unlocked
2026-05-25 02:57:25:   File "<frozen importlib._bootstrap_external>", line 883, in exec_module
2026-05-25 02:57:25:   File "<frozen importlib._bootstrap>", line 241, in _call_with_frames_removed
2026-05-25 02:57:25:   File "C:\seismocluster\backend\api\main.py", line 8, in <module>
2026-05-25 02:57:25:     from api.routes import ml, earthquake, cluster, summary
2026-05-25 02:57:25:   File "C:\seismocluster\backend\api\routes\ml.py", line 4, in <module>
2026-05-25 02:57:25:     import mlflow
2026-05-25 02:57:25: ModuleNotFoundError: No module named 'mlflow'
2026-05-25 02:57:32: Traceback (most recent call last):
2026-05-25 02:57:32:   File "C:\Users\USER\AppData\Local\Programs\Python\Python310\lib\runpy.py", line 196, in _run_module_as_main
2026-05-25 02:57:32:     return _run_code(code, main_globals, None,
2026-05-25 02:57:32:   File "C:\Users\USER\AppData\Local\Programs\Python\Python310\lib\runpy.py", line 86, in _run_code
2026-05-25 02:57:32:     exec(code, run_globals)
2026-05-25 02:57:32:   File "C:\Users\USER\AppData\Local\Programs\Python\Python310\Scripts\uvicorn.exe\__main__.py", line 7, in <module>
2026-05-25 02:57:32:     sys.exit(main())
2026-05-25 02:57:32:   File "C:\Users\USER\AppData\Local\Programs\Python\Python310\lib\site-packages\click\core.py", line 1485, in __call__
2026-05-25 02:57:32:     return self.main(*args, **kwargs)
2026-05-25 02:57:32:   File "C:\Users\USER\AppData\Local\Programs\Python\Python310\lib\site-packages\click\core.py", line 1406, in main
2026-05-25 02:57:32:     rv = self.invoke(ctx)
2026-05-25 02:57:32:   File "C:\Users\USER\AppData\Local\Programs\Python\Python310\lib\site-packages\click\core.py", line 1269, in invoke
2026-05-25 02:57:32:     return ctx.invoke(self.callback, **ctx.params)
2026-05-25 02:57:32:   File "C:\Users\USER\AppData\Local\Programs\Python\Python310\lib\site-packages\click\core.py", line 824, in invoke
2026-05-25 02:57:32:     return callback(*args, **kwargs)
2026-05-25 02:57:32:   File "C:\Users\USER\AppData\Local\Programs\Python\Python310\lib\site-packages\uvicorn\main.py", line 433, in main
2026-05-25 02:57:32:     run(
2026-05-25 02:57:32:   File "C:\Users\USER\AppData\Local\Programs\Python\Python310\lib\site-packages\uvicorn\main.py", line 606, in run
2026-05-25 02:57:32:     server.run()
2026-05-25 02:57:32:   File "C:\Users\USER\AppData\Local\Programs\Python\Python310\lib\site-packages\uvicorn\server.py", line 75, in run
2026-05-25 02:57:32:     return asyncio_run(self.serve(sockets=sockets), loop_factory=self.config.get_loop_factory())
2026-05-25 02:57:32:   File "C:\Users\USER\AppData\Local\Programs\Python\Python310\lib\site-packages\uvicorn\_compat.py", line 60, in asyncio_run
2026-05-25 02:57:32:     return loop.run_until_complete(main)
2026-05-25 02:57:32:   File "C:\Users\USER\AppData\Local\Programs\Python\Python310\lib\asyncio\base_events.py", line 649, in run_until_complete
2026-05-25 02:57:32:     return future.result()
2026-05-25 02:57:32:   File "C:\Users\USER\AppData\Local\Programs\Python\Python310\lib\site-packages\uvicorn\server.py", line 79, in serve
2026-05-25 02:57:32:     await self._serve(sockets)
2026-05-25 02:57:32:   File "C:\Users\USER\AppData\Local\Programs\Python\Python310\lib\site-packages\uvicorn\server.py", line 86, in _serve
2026-05-25 02:57:32:     config.load()
2026-05-25 02:57:32:   File "C:\Users\USER\AppData\Local\Programs\Python\Python310\lib\site-packages\uvicorn\config.py", line 441, in load
2026-05-25 02:57:32:     self.loaded_app = import_from_string(self.app)
2026-05-25 02:57:32:   File "C:\Users\USER\AppData\Local\Programs\Python\Python310\lib\site-packages\uvicorn\importer.py", line 22, in import_from_string
2026-05-25 02:57:32:     raise exc from None
2026-05-25 02:57:32:   File "C:\Users\USER\AppData\Local\Programs\Python\Python310\lib\site-packages\uvicorn\importer.py", line 19, in import_from_string
2026-05-25 02:57:32:     module = importlib.import_module(module_str)
2026-05-25 02:57:32:   File "C:\Users\USER\AppData\Local\Programs\Python\Python310\lib\importlib\__init__.py", line 126, in import_module
2026-05-25 02:57:32:     return _bootstrap._gcd_import(name[level:], package, level)
2026-05-25 02:57:32:   File "<frozen importlib._bootstrap>", line 1050, in _gcd_import
2026-05-25 02:57:32:   File "<frozen importlib._bootstrap>", line 1027, in _find_and_load
2026-05-25 02:57:32:   File "<frozen importlib._bootstrap>", line 1006, in _find_and_load_unlocked
2026-05-25 02:57:32:   File "<frozen importlib._bootstrap>", line 688, in _load_unlocked
2026-05-25 02:57:32:   File "<frozen importlib._bootstrap_external>", line 883, in exec_module
2026-05-25 02:57:32:   File "<frozen importlib._bootstrap>", line 241, in _call_with_frames_removed
2026-05-25 02:57:32:   File "C:\seismocluster\backend\api\main.py", line 8, in <module>
2026-05-25 02:57:32:     from api.routes import ml, earthquake, cluster, summary
2026-05-25 02:57:32:   File "C:\seismocluster\backend\api\routes\ml.py", line 4, in <module>
2026-05-25 02:57:32:     import mlflow
2026-05-25 02:57:32: ModuleNotFoundError: No module named 'mlflow'
2026-05-25 02:57:39: Traceback (most recent call last):
2026-05-25 02:57:39:   File "C:\Users\USER\AppData\Local\Programs\Python\Python310\lib\runpy.py", line 196, in _run_module_as_main
2026-05-25 02:57:39:     return _run_code(code, main_globals, None,
2026-05-25 02:57:39:   File "C:\Users\USER\AppData\Local\Programs\Python\Python310\lib\runpy.py", line 86, in _run_code
2026-05-25 02:57:39:     exec(code, run_globals)
2026-05-25 02:57:39:   File "C:\Users\USER\AppData\Local\Programs\Python\Python310\Scripts\uvicorn.exe\__main__.py", line 7, in <module>
2026-05-25 02:57:39:     sys.exit(main())
2026-05-25 02:57:39:   File "C:\Users\USER\AppData\Local\Programs\Python\Python310\lib\site-packages\click\core.py", line 1485, in __call__
2026-05-25 02:57:39:     return self.main(*args, **kwargs)
2026-05-25 02:57:39:   File "C:\Users\USER\AppData\Local\Programs\Python\Python310\lib\site-packages\click\core.py", line 1406, in main
2026-05-25 02:57:39:     rv = self.invoke(ctx)
2026-05-25 02:57:39:   File "C:\Users\USER\AppData\Local\Programs\Python\Python310\lib\site-packages\click\core.py", line 1269, in invoke
2026-05-25 02:57:39:     return ctx.invoke(self.callback, **ctx.params)
2026-05-25 02:57:39:   File "C:\Users\USER\AppData\Local\Programs\Python\Python310\lib\site-packages\click\core.py", line 824, in invoke
2026-05-25 02:57:39:     return callback(*args, **kwargs)
2026-05-25 02:57:39:   File "C:\Users\USER\AppData\Local\Programs\Python\Python310\lib\site-packages\uvicorn\main.py", line 433, in main
2026-05-25 02:57:39:     run(
2026-05-25 02:57:39:   File "C:\Users\USER\AppData\Local\Programs\Python\Python310\lib\site-packages\uvicorn\main.py", line 606, in run
2026-05-25 02:57:39:     server.run()
2026-05-25 02:57:39:   File "C:\Users\USER\AppData\Local\Programs\Python\Python310\lib\site-packages\uvicorn\server.py", line 75, in run
2026-05-25 02:57:39:     return asyncio_run(self.serve(sockets=sockets), loop_factory=self.config.get_loop_factory())
2026-05-25 02:57:39:   File "C:\Users\USER\AppData\Local\Programs\Python\Python310\lib\site-packages\uvicorn\_compat.py", line 60, in asyncio_run
2026-05-25 02:57:39:     return loop.run_until_complete(main)
2026-05-25 02:57:39:   File "C:\Users\USER\AppData\Local\Programs\Python\Python310\lib\asyncio\base_events.py", line 649, in run_until_complete
2026-05-25 02:57:39:     return future.result()
2026-05-25 02:57:39:   File "C:\Users\USER\AppData\Local\Programs\Python\Python310\lib\site-packages\uvicorn\server.py", line 79, in serve
2026-05-25 02:57:39:     await self._serve(sockets)
2026-05-25 02:57:39:   File "C:\Users\USER\AppData\Local\Programs\Python\Python310\lib\site-packages\uvicorn\server.py", line 86, in _serve
2026-05-25 02:57:39:     config.load()
2026-05-25 02:57:39:   File "C:\Users\USER\AppData\Local\Programs\Python\Python310\lib\site-packages\uvicorn\config.py", line 441, in load
2026-05-25 02:57:39:     self.loaded_app = import_from_string(self.app)
2026-05-25 02:57:39:   File "C:\Users\USER\AppData\Local\Programs\Python\Python310\lib\site-packages\uvicorn\importer.py", line 22, in import_from_string
2026-05-25 02:57:39:     raise exc from None
2026-05-25 02:57:39:   File "C:\Users\USER\AppData\Local\Programs\Python\Python310\lib\site-packages\uvicorn\importer.py", line 19, in import_from_string
2026-05-25 02:57:39:     module = importlib.import_module(module_str)
2026-05-25 02:57:39:   File "C:\Users\USER\AppData\Local\Programs\Python\Python310\lib\importlib\__init__.py", line 126, in import_module
2026-05-25 02:57:39:     return _bootstrap._gcd_import(name[level:], package, level)
2026-05-25 02:57:39:   File "<frozen importlib._bootstrap>", line 1050, in _gcd_import
2026-05-25 02:57:39:   File "<frozen importlib._bootstrap>", line 1027, in _find_and_load
2026-05-25 02:57:39:   File "<frozen importlib._bootstrap>", line 1006, in _find_and_load_unlocked
2026-05-25 02:57:39:   File "<frozen importlib._bootstrap>", line 688, in _load_unlocked
2026-05-25 02:57:39:   File "<frozen importlib._bootstrap_external>", line 883, in exec_module
2026-05-25 02:57:39:   File "<frozen importlib._bootstrap>", line 241, in _call_with_frames_removed
2026-05-25 02:57:39:   File "C:\seismocluster\backend\api\main.py", line 8, in <module>
2026-05-25 02:57:39:     from api.routes import ml, earthquake, cluster, summary
2026-05-25 02:57:39:   File "C:\seismocluster\backend\api\routes\ml.py", line 4, in <module>
2026-05-25 02:57:39:     import mlflow
2026-05-25 02:57:39: ModuleNotFoundError: No module named 'mlflow'
2026-05-25 02:57:48: Traceback (most recent call last):
2026-05-25 02:57:48:   File "C:\Users\USER\AppData\Local\Programs\Python\Python310\lib\runpy.py", line 196, in _run_module_as_main
2026-05-25 02:57:48:     return _run_code(code, main_globals, None,
2026-05-25 02:57:48:   File "C:\Users\USER\AppData\Local\Programs\Python\Python310\lib\runpy.py", line 86, in _run_code
2026-05-25 02:57:48:     exec(code, run_globals)
2026-05-25 02:57:48:   File "C:\Users\USER\AppData\Local\Programs\Python\Python310\Scripts\uvicorn.exe\__main__.py", line 7, in <module>
2026-05-25 02:57:48:     sys.exit(main())
2026-05-25 02:57:48:   File "C:\Users\USER\AppData\Local\Programs\Python\Python310\lib\site-packages\click\core.py", line 1485, in __call__
2026-05-25 02:57:48:     return self.main(*args, **kwargs)
2026-05-25 02:57:48:   File "C:\Users\USER\AppData\Local\Programs\Python\Python310\lib\site-packages\click\core.py", line 1406, in main
2026-05-25 02:57:48:     rv = self.invoke(ctx)
2026-05-25 02:57:48:   File "C:\Users\USER\AppData\Local\Programs\Python\Python310\lib\site-packages\click\core.py", line 1269, in invoke
2026-05-25 02:57:48:     return ctx.invoke(self.callback, **ctx.params)
2026-05-25 02:57:48:   File "C:\Users\USER\AppData\Local\Programs\Python\Python310\lib\site-packages\click\core.py", line 824, in invoke
2026-05-25 02:57:48:     return callback(*args, **kwargs)
2026-05-25 02:57:48:   File "C:\Users\USER\AppData\Local\Programs\Python\Python310\lib\site-packages\uvicorn\main.py", line 433, in main
2026-05-25 02:57:48:     run(
2026-05-25 02:57:48:   File "C:\Users\USER\AppData\Local\Programs\Python\Python310\lib\site-packages\uvicorn\main.py", line 606, in run
2026-05-25 02:57:48:     server.run()
2026-05-25 02:57:48:   File "C:\Users\USER\AppData\Local\Programs\Python\Python310\lib\site-packages\uvicorn\server.py", line 75, in run
2026-05-25 02:57:48:     return asyncio_run(self.serve(sockets=sockets), loop_factory=self.config.get_loop_factory())
2026-05-25 02:57:48:   File "C:\Users\USER\AppData\Local\Programs\Python\Python310\lib\site-packages\uvicorn\_compat.py", line 60, in asyncio_run
2026-05-25 02:57:48:     return loop.run_until_complete(main)
2026-05-25 02:57:48:   File "C:\Users\USER\AppData\Local\Programs\Python\Python310\lib\asyncio\base_events.py", line 649, in run_until_complete
2026-05-25 02:57:48:     return future.result()
2026-05-25 02:57:48:   File "C:\Users\USER\AppData\Local\Programs\Python\Python310\lib\site-packages\uvicorn\server.py", line 79, in serve
2026-05-25 02:57:48:     await self._serve(sockets)
2026-05-25 02:57:48:   File "C:\Users\USER\AppData\Local\Programs\Python\Python310\lib\site-packages\uvicorn\server.py", line 86, in _serve
2026-05-25 02:57:48:     config.load()
2026-05-25 02:57:48:   File "C:\Users\USER\AppData\Local\Programs\Python\Python310\lib\site-packages\uvicorn\config.py", line 441, in load
2026-05-25 02:57:48:     self.loaded_app = import_from_string(self.app)
2026-05-25 02:57:48:   File "C:\Users\USER\AppData\Local\Programs\Python\Python310\lib\site-packages\uvicorn\importer.py", line 22, in import_from_string
2026-05-25 02:57:48:     raise exc from None
2026-05-25 02:57:48:   File "C:\Users\USER\AppData\Local\Programs\Python\Python310\lib\site-packages\uvicorn\importer.py", line 19, in import_from_string
2026-05-25 02:57:48:     module = importlib.import_module(module_str)
2026-05-25 02:57:48:   File "C:\Users\USER\AppData\Local\Programs\Python\Python310\lib\importlib\__init__.py", line 126, in import_module
2026-05-25 02:57:48:     return _bootstrap._gcd_import(name[level:], package, level)
2026-05-25 02:57:48:   File "<frozen importlib._bootstrap>", line 1050, in _gcd_import
2026-05-25 02:57:48:   File "<frozen importlib._bootstrap>", line 1027, in _find_and_load
2026-05-25 02:57:48:   File "<frozen importlib._bootstrap>", line 1006, in _find_and_load_unlocked
2026-05-25 02:57:48:   File "<frozen importlib._bootstrap>", line 688, in _load_unlocked
2026-05-25 02:57:48:   File "<frozen importlib._bootstrap_external>", line 883, in exec_module
2026-05-25 02:57:48:   File "<frozen importlib._bootstrap>", line 241, in _call_with_frames_removed
2026-05-25 02:57:48:   File "C:\seismocluster\backend\api\main.py", line 8, in <module>
2026-05-25 02:57:48:     from api.routes import ml, earthquake, cluster, summary
2026-05-25 02:57:48:   File "C:\seismocluster\backend\api\routes\ml.py", line 4, in <module>
2026-05-25 02:57:48:     import mlflow
2026-05-25 02:57:48: ModuleNotFoundError: No module named 'mlflow'
2026-05-25 02:57:54: Traceback (most recent call last):
2026-05-25 02:57:54:   File "C:\Users\USER\AppData\Local\Programs\Python\Python310\lib\runpy.py", line 196, in _run_module_as_main
2026-05-25 02:57:54:     return _run_code(code, main_globals, None,
2026-05-25 02:57:54:   File "C:\Users\USER\AppData\Local\Programs\Python\Python310\lib\runpy.py", line 86, in _run_code
2026-05-25 02:57:54:     exec(code, run_globals)
2026-05-25 02:57:54:   File "C:\Users\USER\AppData\Local\Programs\Python\Python310\Scripts\uvicorn.exe\__main__.py", line 7, in <module>
2026-05-25 02:57:54:     sys.exit(main())
2026-05-25 02:57:54:   File "C:\Users\USER\AppData\Local\Programs\Python\Python310\lib\site-packages\click\core.py", line 1485, in __call__
2026-05-25 02:57:54:     return self.main(*args, **kwargs)
2026-05-25 02:57:54:   File "C:\Users\USER\AppData\Local\Programs\Python\Python310\lib\site-packages\click\core.py", line 1406, in main
2026-05-25 02:57:54:     rv = self.invoke(ctx)
2026-05-25 02:57:54:   File "C:\Users\USER\AppData\Local\Programs\Python\Python310\lib\site-packages\click\core.py", line 1269, in invoke
2026-05-25 02:57:54:     return ctx.invoke(self.callback, **ctx.params)
2026-05-25 02:57:54:   File "C:\Users\USER\AppData\Local\Programs\Python\Python310\lib\site-packages\click\core.py", line 824, in invoke
2026-05-25 02:57:54:     return callback(*args, **kwargs)
2026-05-25 02:57:54:   File "C:\Users\USER\AppData\Local\Programs\Python\Python310\lib\site-packages\uvicorn\main.py", line 433, in main
2026-05-25 02:57:54:     run(
2026-05-25 02:57:54:   File "C:\Users\USER\AppData\Local\Programs\Python\Python310\lib\site-packages\uvicorn\main.py", line 606, in run
2026-05-25 02:57:54:     server.run()
2026-05-25 02:57:54:   File "C:\Users\USER\AppData\Local\Programs\Python\Python310\lib\site-packages\uvicorn\server.py", line 75, in run
2026-05-25 02:57:54:     return asyncio_run(self.serve(sockets=sockets), loop_factory=self.config.get_loop_factory())
2026-05-25 02:57:54:   File "C:\Users\USER\AppData\Local\Programs\Python\Python310\lib\site-packages\uvicorn\_compat.py", line 60, in asyncio_run
2026-05-25 02:57:54:     return loop.run_until_complete(main)
2026-05-25 02:57:54:   File "C:\Users\USER\AppData\Local\Programs\Python\Python310\lib\asyncio\base_events.py", line 649, in run_until_complete
2026-05-25 02:57:54:     return future.result()
2026-05-25 02:57:54:   File "C:\Users\USER\AppData\Local\Programs\Python\Python310\lib\site-packages\uvicorn\server.py", line 79, in serve
2026-05-25 02:57:54:     await self._serve(sockets)
2026-05-25 02:57:54:   File "C:\Users\USER\AppData\Local\Programs\Python\Python310\lib\site-packages\uvicorn\server.py", line 86, in _serve
2026-05-25 02:57:54:     config.load()
2026-05-25 02:57:54:   File "C:\Users\USER\AppData\Local\Programs\Python\Python310\lib\site-packages\uvicorn\config.py", line 441, in load
2026-05-25 02:57:54:     self.loaded_app = import_from_string(self.app)
2026-05-25 02:57:54:   File "C:\Users\USER\AppData\Local\Programs\Python\Python310\lib\site-packages\uvicorn\importer.py", line 22, in import_from_string
2026-05-25 02:57:54:     raise exc from None
2026-05-25 02:57:54:   File "C:\Users\USER\AppData\Local\Programs\Python\Python310\lib\site-packages\uvicorn\importer.py", line 19, in import_from_string
2026-05-25 02:57:54:     module = importlib.import_module(module_str)
2026-05-25 02:57:54:   File "C:\Users\USER\AppData\Local\Programs\Python\Python310\lib\importlib\__init__.py", line 126, in import_module
2026-05-25 02:57:54:     return _bootstrap._gcd_import(name[level:], package, level)
2026-05-25 02:57:54:   File "<frozen importlib._bootstrap>", line 1050, in _gcd_import
2026-05-25 02:57:54:   File "<frozen importlib._bootstrap>", line 1027, in _find_and_load
2026-05-25 02:57:54:   File "<frozen importlib._bootstrap>", line 1006, in _find_and_load_unlocked
2026-05-25 02:57:54:   File "<frozen importlib._bootstrap>", line 688, in _load_unlocked
2026-05-25 02:57:54:   File "<frozen importlib._bootstrap_external>", line 883, in exec_module
2026-05-25 02:57:54:   File "<frozen importlib._bootstrap>", line 241, in _call_with_frames_removed
2026-05-25 02:57:54:   File "C:\seismocluster\backend\api\main.py", line 8, in <module>
2026-05-25 02:57:54:     from api.routes import ml, earthquake, cluster, summary
2026-05-25 02:57:54:   File "C:\seismocluster\backend\api\routes\ml.py", line 4, in <module>
2026-05-25 02:57:54:     import mlflow
2026-05-25 02:57:54: ModuleNotFoundError: No module named 'mlflow'
2026-05-25 02:58:01: Traceback (most recent call last):
2026-05-25 02:58:01:   File "C:\Users\USER\AppData\Local\Programs\Python\Python310\lib\runpy.py", line 196, in _run_module_as_main
2026-05-25 02:58:01:     return _run_code(code, main_globals, None,
2026-05-25 02:58:01:   File "C:\Users\USER\AppData\Local\Programs\Python\Python310\lib\runpy.py", line 86, in _run_code
2026-05-25 02:58:01:     exec(code, run_globals)
2026-05-25 02:58:01:   File "C:\Users\USER\AppData\Local\Programs\Python\Python310\Scripts\uvicorn.exe\__main__.py", line 7, in <module>
2026-05-25 02:58:01:     sys.exit(main())
2026-05-25 02:58:01:   File "C:\Users\USER\AppData\Local\Programs\Python\Python310\lib\site-packages\click\core.py", line 1485, in __call__
2026-05-25 02:58:01:     return self.main(*args, **kwargs)
2026-05-25 02:58:01:   File "C:\Users\USER\AppData\Local\Programs\Python\Python310\lib\site-packages\click\core.py", line 1406, in main
2026-05-25 02:58:01:     rv = self.invoke(ctx)
2026-05-25 02:58:01:   File "C:\Users\USER\AppData\Local\Programs\Python\Python310\lib\site-packages\click\core.py", line 1269, in invoke
2026-05-25 02:58:01:     return ctx.invoke(self.callback, **ctx.params)
2026-05-25 02:58:01:   File "C:\Users\USER\AppData\Local\Programs\Python\Python310\lib\site-packages\click\core.py", line 824, in invoke
2026-05-25 02:58:01:     return callback(*args, **kwargs)
2026-05-25 02:58:01:   File "C:\Users\USER\AppData\Local\Programs\Python\Python310\lib\site-packages\uvicorn\main.py", line 433, in main
2026-05-25 02:58:01:     run(
2026-05-25 02:58:01:   File "C:\Users\USER\AppData\Local\Programs\Python\Python310\lib\site-packages\uvicorn\main.py", line 606, in run
2026-05-25 02:58:01:     server.run()
2026-05-25 02:58:01:   File "C:\Users\USER\AppData\Local\Programs\Python\Python310\lib\site-packages\uvicorn\server.py", line 75, in run
2026-05-25 02:58:01:     return asyncio_run(self.serve(sockets=sockets), loop_factory=self.config.get_loop_factory())
2026-05-25 02:58:01:   File "C:\Users\USER\AppData\Local\Programs\Python\Python310\lib\site-packages\uvicorn\_compat.py", line 60, in asyncio_run
2026-05-25 02:58:01:     return loop.run_until_complete(main)
2026-05-25 02:58:01:   File "C:\Users\USER\AppData\Local\Programs\Python\Python310\lib\asyncio\base_events.py", line 649, in run_until_complete
2026-05-25 02:58:01:     return future.result()
2026-05-25 02:58:01:   File "C:\Users\USER\AppData\Local\Programs\Python\Python310\lib\site-packages\uvicorn\server.py", line 79, in serve
2026-05-25 02:58:01:     await self._serve(sockets)
2026-05-25 02:58:01:   File "C:\Users\USER\AppData\Local\Programs\Python\Python310\lib\site-packages\uvicorn\server.py", line 86, in _serve
2026-05-25 02:58:01:     config.load()
2026-05-25 02:58:01:   File "C:\Users\USER\AppData\Local\Programs\Python\Python310\lib\site-packages\uvicorn\config.py", line 441, in load
2026-05-25 02:58:01:     self.loaded_app = import_from_string(self.app)
2026-05-25 02:58:01:   File "C:\Users\USER\AppData\Local\Programs\Python\Python310\lib\site-packages\uvicorn\importer.py", line 22, in import_from_string
2026-05-25 02:58:01:     raise exc from None
2026-05-25 02:58:01:   File "C:\Users\USER\AppData\Local\Programs\Python\Python310\lib\site-packages\uvicorn\importer.py", line 19, in import_from_string
2026-05-25 02:58:01:     module = importlib.import_module(module_str)
2026-05-25 02:58:01:   File "C:\Users\USER\AppData\Local\Programs\Python\Python310\lib\importlib\__init__.py", line 126, in import_module
2026-05-25 02:58:01:     return _bootstrap._gcd_import(name[level:], package, level)
2026-05-25 02:58:01:   File "<frozen importlib._bootstrap>", line 1050, in _gcd_import
2026-05-25 02:58:01:   File "<frozen importlib._bootstrap>", line 1027, in _find_and_load
2026-05-25 02:58:01:   File "<frozen importlib._bootstrap>", line 1006, in _find_and_load_unlocked
2026-05-25 02:58:01:   File "<frozen importlib._bootstrap>", line 688, in _load_unlocked
2026-05-25 02:58:01:   File "<frozen importlib._bootstrap_external>", line 883, in exec_module
2026-05-25 02:58:01:   File "<frozen importlib._bootstrap>", line 241, in _call_with_frames_removed
2026-05-25 02:58:01:   File "C:\seismocluster\backend\api\main.py", line 8, in <module>
2026-05-25 02:58:01:     from api.routes import ml, earthquake, cluster, summary
2026-05-25 02:58:01:   File "C:\seismocluster\backend\api\routes\ml.py", line 4, in <module>
2026-05-25 02:58:01:     import mlflow
2026-05-25 02:58:01: ModuleNotFoundError: No module named 'mlflow'
2026-05-25 02:58:07: Traceback (most recent call last):
2026-05-25 02:58:07:   File "C:\Users\USER\AppData\Local\Programs\Python\Python310\lib\runpy.py", line 196, in _run_module_as_main
2026-05-25 02:58:07:     return _run_code(code, main_globals, None,
2026-05-25 02:58:07:   File "C:\Users\USER\AppData\Local\Programs\Python\Python310\lib\runpy.py", line 86, in _run_code
2026-05-25 02:58:07:     exec(code, run_globals)
2026-05-25 02:58:07:   File "C:\Users\USER\AppData\Local\Programs\Python\Python310\Scripts\uvicorn.exe\__main__.py", line 7, in <module>
2026-05-25 02:58:07:     sys.exit(main())
2026-05-25 02:58:07:   File "C:\Users\USER\AppData\Local\Programs\Python\Python310\lib\site-packages\click\core.py", line 1485, in __call__
2026-05-25 02:58:07:     return self.main(*args, **kwargs)
2026-05-25 02:58:07:   File "C:\Users\USER\AppData\Local\Programs\Python\Python310\lib\site-packages\click\core.py", line 1406, in main
2026-05-25 02:58:07:     rv = self.invoke(ctx)
2026-05-25 02:58:07:   File "C:\Users\USER\AppData\Local\Programs\Python\Python310\lib\site-packages\click\core.py", line 1269, in invoke
2026-05-25 02:58:07:     return ctx.invoke(self.callback, **ctx.params)
2026-05-25 02:58:07:   File "C:\Users\USER\AppData\Local\Programs\Python\Python310\lib\site-packages\click\core.py", line 824, in invoke
2026-05-25 02:58:07:     return callback(*args, **kwargs)
2026-05-25 02:58:07:   File "C:\Users\USER\AppData\Local\Programs\Python\Python310\lib\site-packages\uvicorn\main.py", line 433, in main
2026-05-25 02:58:07:     run(
2026-05-25 02:58:07:   File "C:\Users\USER\AppData\Local\Programs\Python\Python310\lib\site-packages\uvicorn\main.py", line 606, in run
2026-05-25 02:58:07:     server.run()
2026-05-25 02:58:07:   File "C:\Users\USER\AppData\Local\Programs\Python\Python310\lib\site-packages\uvicorn\server.py", line 75, in run
2026-05-25 02:58:07:     return asyncio_run(self.serve(sockets=sockets), loop_factory=self.config.get_loop_factory())
2026-05-25 02:58:07:   File "C:\Users\USER\AppData\Local\Programs\Python\Python310\lib\site-packages\uvicorn\_compat.py", line 60, in asyncio_run
2026-05-25 02:58:07:     return loop.run_until_complete(main)
2026-05-25 02:58:07:   File "C:\Users\USER\AppData\Local\Programs\Python\Python310\lib\asyncio\base_events.py", line 649, in run_until_complete
2026-05-25 02:58:07:     return future.result()
2026-05-25 02:58:07:   File "C:\Users\USER\AppData\Local\Programs\Python\Python310\lib\site-packages\uvicorn\server.py", line 79, in serve
2026-05-25 02:58:07:     await self._serve(sockets)
2026-05-25 02:58:07:   File "C:\Users\USER\AppData\Local\Programs\Python\Python310\lib\site-packages\uvicorn\server.py", line 86, in _serve
2026-05-25 02:58:07:     config.load()
2026-05-25 02:58:07:   File "C:\Users\USER\AppData\Local\Programs\Python\Python310\lib\site-packages\uvicorn\config.py", line 441, in load
2026-05-25 02:58:07:     self.loaded_app = import_from_string(self.app)
2026-05-25 02:58:07:   File "C:\Users\USER\AppData\Local\Programs\Python\Python310\lib\site-packages\uvicorn\importer.py", line 22, in import_from_string
2026-05-25 02:58:07:     raise exc from None
2026-05-25 02:58:07:   File "C:\Users\USER\AppData\Local\Programs\Python\Python310\lib\site-packages\uvicorn\importer.py", line 19, in import_from_string
2026-05-25 02:58:07:     module = importlib.import_module(module_str)
2026-05-25 02:58:07:   File "C:\Users\USER\AppData\Local\Programs\Python\Python310\lib\importlib\__init__.py", line 126, in import_module
2026-05-25 02:58:07:     return _bootstrap._gcd_import(name[level:], package, level)
2026-05-25 02:58:07:   File "<frozen importlib._bootstrap>", line 1050, in _gcd_import
2026-05-25 02:58:07:   File "<frozen importlib._bootstrap>", line 1027, in _find_and_load
2026-05-25 02:58:07:   File "<frozen importlib._bootstrap>", line 1006, in _find_and_load_unlocked
2026-05-25 02:58:07:   File "<frozen importlib._bootstrap>", line 688, in _load_unlocked
2026-05-25 02:58:07:   File "<frozen importlib._bootstrap_external>", line 883, in exec_module
2026-05-25 02:58:07:   File "<frozen importlib._bootstrap>", line 241, in _call_with_frames_removed
2026-05-25 02:58:07:   File "C:\seismocluster\backend\api\main.py", line 8, in <module>
2026-05-25 02:58:07:     from api.routes import ml, earthquake, cluster, summary
2026-05-25 02:58:07:   File "C:\seismocluster\backend\api\routes\ml.py", line 4, in <module>
2026-05-25 02:58:07:     import mlflow
2026-05-25 02:58:07: ModuleNotFoundError: No module named 'mlflow'
2026-05-25 02:58:14: Traceback (most recent call last):
2026-05-25 02:58:14:   File "C:\Users\USER\AppData\Local\Programs\Python\Python310\lib\runpy.py", line 196, in _run_module_as_main
2026-05-25 02:58:14:     return _run_code(code, main_globals, None,
2026-05-25 02:58:14:   File "C:\Users\USER\AppData\Local\Programs\Python\Python310\lib\runpy.py", line 86, in _run_code
2026-05-25 02:58:14:     exec(code, run_globals)
2026-05-25 02:58:14:   File "C:\Users\USER\AppData\Local\Programs\Python\Python310\Scripts\uvicorn.exe\__main__.py", line 7, in <module>
2026-05-25 02:58:14:     sys.exit(main())
2026-05-25 02:58:14:   File "C:\Users\USER\AppData\Local\Programs\Python\Python310\lib\site-packages\click\core.py", line 1485, in __call__
2026-05-25 02:58:14:     return self.main(*args, **kwargs)
2026-05-25 02:58:14:   File "C:\Users\USER\AppData\Local\Programs\Python\Python310\lib\site-packages\click\core.py", line 1406, in main
2026-05-25 02:58:14:     rv = self.invoke(ctx)
2026-05-25 02:58:14:   File "C:\Users\USER\AppData\Local\Programs\Python\Python310\lib\site-packages\click\core.py", line 1269, in invoke
2026-05-25 02:58:14:     return ctx.invoke(self.callback, **ctx.params)
2026-05-25 02:58:14:   File "C:\Users\USER\AppData\Local\Programs\Python\Python310\lib\site-packages\click\core.py", line 824, in invoke
2026-05-25 02:58:14:     return callback(*args, **kwargs)
2026-05-25 02:58:14:   File "C:\Users\USER\AppData\Local\Programs\Python\Python310\lib\site-packages\uvicorn\main.py", line 433, in main
2026-05-25 02:58:14:     run(
2026-05-25 02:58:14:   File "C:\Users\USER\AppData\Local\Programs\Python\Python310\lib\site-packages\uvicorn\main.py", line 606, in run
2026-05-25 02:58:14:     server.run()
2026-05-25 02:58:14:   File "C:\Users\USER\AppData\Local\Programs\Python\Python310\lib\site-packages\uvicorn\server.py", line 75, in run
2026-05-25 02:58:14:     return asyncio_run(self.serve(sockets=sockets), loop_factory=self.config.get_loop_factory())
2026-05-25 02:58:14:   File "C:\Users\USER\AppData\Local\Programs\Python\Python310\lib\site-packages\uvicorn\_compat.py", line 60, in asyncio_run
2026-05-25 02:58:14:     return loop.run_until_complete(main)
2026-05-25 02:58:14:   File "C:\Users\USER\AppData\Local\Programs\Python\Python310\lib\asyncio\base_events.py", line 649, in run_until_complete
2026-05-25 02:58:14:     return future.result()
2026-05-25 02:58:14:   File "C:\Users\USER\AppData\Local\Programs\Python\Python310\lib\site-packages\uvicorn\server.py", line 79, in serve
2026-05-25 02:58:14:     await self._serve(sockets)
2026-05-25 02:58:14:   File "C:\Users\USER\AppData\Local\Programs\Python\Python310\lib\site-packages\uvicorn\server.py", line 86, in _serve
2026-05-25 02:58:14:     config.load()
2026-05-25 02:58:14:   File "C:\Users\USER\AppData\Local\Programs\Python\Python310\lib\site-packages\uvicorn\config.py", line 441, in load
2026-05-25 02:58:14:     self.loaded_app = import_from_string(self.app)
2026-05-25 02:58:14:   File "C:\Users\USER\AppData\Local\Programs\Python\Python310\lib\site-packages\uvicorn\importer.py", line 22, in import_from_string
2026-05-25 02:58:14:     raise exc from None
2026-05-25 02:58:14:   File "C:\Users\USER\AppData\Local\Programs\Python\Python310\lib\site-packages\uvicorn\importer.py", line 19, in import_from_string
2026-05-25 02:58:14:     module = importlib.import_module(module_str)
2026-05-25 02:58:14:   File "C:\Users\USER\AppData\Local\Programs\Python\Python310\lib\importlib\__init__.py", line 126, in import_module
2026-05-25 02:58:14:     return _bootstrap._gcd_import(name[level:], package, level)
2026-05-25 02:58:14:   File "<frozen importlib._bootstrap>", line 1050, in _gcd_import
2026-05-25 02:58:14:   File "<frozen importlib._bootstrap>", line 1027, in _find_and_load
2026-05-25 02:58:14:   File "<frozen importlib._bootstrap>", line 1006, in _find_and_load_unlocked
2026-05-25 02:58:14:   File "<frozen importlib._bootstrap>", line 688, in _load_unlocked
2026-05-25 02:58:14:   File "<frozen importlib._bootstrap_external>", line 883, in exec_module
2026-05-25 02:58:14:   File "<frozen importlib._bootstrap>", line 241, in _call_with_frames_removed
2026-05-25 02:58:14:   File "C:\seismocluster\backend\api\main.py", line 8, in <module>
2026-05-25 02:58:14:     from api.routes import ml, earthquake, cluster, summary
2026-05-25 02:58:14:   File "C:\seismocluster\backend\api\routes\ml.py", line 4, in <module>
2026-05-25 02:58:14:     import mlflow
2026-05-25 02:58:14: ModuleNotFoundError: No module named 'mlflow'
2026-05-25 02:58:21: Traceback (most recent call last):
2026-05-25 02:58:21:   File "C:\Users\USER\AppData\Local\Programs\Python\Python310\lib\runpy.py", line 196, in _run_module_as_main
2026-05-25 02:58:21:     return _run_code(code, main_globals, None,
2026-05-25 02:58:21:   File "C:\Users\USER\AppData\Local\Programs\Python\Python310\lib\runpy.py", line 86, in _run_code
2026-05-25 02:58:21:     exec(code, run_globals)
2026-05-25 02:58:21:   File "C:\Users\USER\AppData\Local\Programs\Python\Python310\Scripts\uvicorn.exe\__main__.py", line 7, in <module>
2026-05-25 02:58:21:     sys.exit(main())
2026-05-25 02:58:21:   File "C:\Users\USER\AppData\Local\Programs\Python\Python310\lib\site-packages\click\core.py", line 1485, in __call__
2026-05-25 02:58:21:     return self.main(*args, **kwargs)
2026-05-25 02:58:21:   File "C:\Users\USER\AppData\Local\Programs\Python\Python310\lib\site-packages\click\core.py", line 1406, in main
2026-05-25 02:58:21:     rv = self.invoke(ctx)
2026-05-25 02:58:21:   File "C:\Users\USER\AppData\Local\Programs\Python\Python310\lib\site-packages\click\core.py", line 1269, in invoke
2026-05-25 02:58:21:     return ctx.invoke(self.callback, **ctx.params)
2026-05-25 02:58:21:   File "C:\Users\USER\AppData\Local\Programs\Python\Python310\lib\site-packages\click\core.py", line 824, in invoke
2026-05-25 02:58:21:     return callback(*args, **kwargs)
2026-05-25 02:58:21:   File "C:\Users\USER\AppData\Local\Programs\Python\Python310\lib\site-packages\uvicorn\main.py", line 433, in main
2026-05-25 02:58:21:     run(
2026-05-25 02:58:21:   File "C:\Users\USER\AppData\Local\Programs\Python\Python310\lib\site-packages\uvicorn\main.py", line 606, in run
2026-05-25 02:58:21:     server.run()
2026-05-25 02:58:21:   File "C:\Users\USER\AppData\Local\Programs\Python\Python310\lib\site-packages\uvicorn\server.py", line 75, in run
2026-05-25 02:58:21:     return asyncio_run(self.serve(sockets=sockets), loop_factory=self.config.get_loop_factory())
2026-05-25 02:58:21:   File "C:\Users\USER\AppData\Local\Programs\Python\Python310\lib\site-packages\uvicorn\_compat.py", line 60, in asyncio_run
2026-05-25 02:58:21:     return loop.run_until_complete(main)
2026-05-25 02:58:21:   File "C:\Users\USER\AppData\Local\Programs\Python\Python310\lib\asyncio\base_events.py", line 649, in run_until_complete
2026-05-25 02:58:21:     return future.result()
2026-05-25 02:58:21:   File "C:\Users\USER\AppData\Local\Programs\Python\Python310\lib\site-packages\uvicorn\server.py", line 79, in serve
2026-05-25 02:58:21:     await self._serve(sockets)
2026-05-25 02:58:21:   File "C:\Users\USER\AppData\Local\Programs\Python\Python310\lib\site-packages\uvicorn\server.py", line 86, in _serve
2026-05-25 02:58:21:     config.load()
2026-05-25 02:58:21:   File "C:\Users\USER\AppData\Local\Programs\Python\Python310\lib\site-packages\uvicorn\config.py", line 441, in load
2026-05-25 02:58:21:     self.loaded_app = import_from_string(self.app)
2026-05-25 02:58:21:   File "C:\Users\USER\AppData\Local\Programs\Python\Python310\lib\site-packages\uvicorn\importer.py", line 22, in import_from_string
2026-05-25 02:58:21:     raise exc from None
2026-05-25 02:58:21:   File "C:\Users\USER\AppData\Local\Programs\Python\Python310\lib\site-packages\uvicorn\importer.py", line 19, in import_from_string
2026-05-25 02:58:21:     module = importlib.import_module(module_str)
2026-05-25 02:58:21:   File "C:\Users\USER\AppData\Local\Programs\Python\Python310\lib\importlib\__init__.py", line 126, in import_module
2026-05-25 02:58:21:     return _bootstrap._gcd_import(name[level:], package, level)
2026-05-25 02:58:21:   File "<frozen importlib._bootstrap>", line 1050, in _gcd_import
2026-05-25 02:58:21:   File "<frozen importlib._bootstrap>", line 1027, in _find_and_load
2026-05-25 02:58:21:   File "<frozen importlib._bootstrap>", line 1006, in _find_and_load_unlocked
2026-05-25 02:58:21:   File "<frozen importlib._bootstrap>", line 688, in _load_unlocked
2026-05-25 02:58:21:   File "<frozen importlib._bootstrap_external>", line 883, in exec_module
2026-05-25 02:58:21:   File "<frozen importlib._bootstrap>", line 241, in _call_with_frames_removed
2026-05-25 02:58:21:   File "C:\seismocluster\backend\api\main.py", line 8, in <module>
2026-05-25 02:58:21:     from api.routes import ml, earthquake, cluster, summary
2026-05-25 02:58:21:   File "C:\seismocluster\backend\api\routes\ml.py", line 4, in <module>
2026-05-25 02:58:21:     import mlflow
2026-05-25 02:58:21: ModuleNotFoundError: No module named 'mlflow'
2026-05-25 02:58:27: Traceback (most recent call last):
2026-05-25 02:58:27:   File "C:\Users\USER\AppData\Local\Programs\Python\Python310\lib\runpy.py", line 196, in _run_module_as_main
2026-05-25 02:58:27:     return _run_code(code, main_globals, None,
2026-05-25 02:58:27:   File "C:\Users\USER\AppData\Local\Programs\Python\Python310\lib\runpy.py", line 86, in _run_code
2026-05-25 02:58:27:     exec(code, run_globals)
2026-05-25 02:58:27:   File "C:\Users\USER\AppData\Local\Programs\Python\Python310\Scripts\uvicorn.exe\__main__.py", line 7, in <module>
2026-05-25 02:58:27:     sys.exit(main())
2026-05-25 02:58:27:   File "C:\Users\USER\AppData\Local\Programs\Python\Python310\lib\site-packages\click\core.py", line 1485, in __call__
2026-05-25 02:58:27:     return self.main(*args, **kwargs)
2026-05-25 02:58:27:   File "C:\Users\USER\AppData\Local\Programs\Python\Python310\lib\site-packages\click\core.py", line 1406, in main
2026-05-25 02:58:27:     rv = self.invoke(ctx)
2026-05-25 02:58:27:   File "C:\Users\USER\AppData\Local\Programs\Python\Python310\lib\site-packages\click\core.py", line 1269, in invoke
2026-05-25 02:58:27:     return ctx.invoke(self.callback, **ctx.params)
2026-05-25 02:58:27:   File "C:\Users\USER\AppData\Local\Programs\Python\Python310\lib\site-packages\click\core.py", line 824, in invoke
2026-05-25 02:58:27:     return callback(*args, **kwargs)
2026-05-25 02:58:27:   File "C:\Users\USER\AppData\Local\Programs\Python\Python310\lib\site-packages\uvicorn\main.py", line 433, in main
2026-05-25 02:58:27:     run(
2026-05-25 02:58:27:   File "C:\Users\USER\AppData\Local\Programs\Python\Python310\lib\site-packages\uvicorn\main.py", line 606, in run
2026-05-25 02:58:27:     server.run()
2026-05-25 02:58:27:   File "C:\Users\USER\AppData\Local\Programs\Python\Python310\lib\site-packages\uvicorn\server.py", line 75, in run
2026-05-25 02:58:27:     return asyncio_run(self.serve(sockets=sockets), loop_factory=self.config.get_loop_factory())
2026-05-25 02:58:27:   File "C:\Users\USER\AppData\Local\Programs\Python\Python310\lib\site-packages\uvicorn\_compat.py", line 60, in asyncio_run
2026-05-25 02:58:27:     return loop.run_until_complete(main)
2026-05-25 02:58:27:   File "C:\Users\USER\AppData\Local\Programs\Python\Python310\lib\asyncio\base_events.py", line 649, in run_until_complete
2026-05-25 02:58:27:     return future.result()
2026-05-25 02:58:27:   File "C:\Users\USER\AppData\Local\Programs\Python\Python310\lib\site-packages\uvicorn\server.py", line 79, in serve
2026-05-25 02:58:27:     await self._serve(sockets)
2026-05-25 02:58:27:   File "C:\Users\USER\AppData\Local\Programs\Python\Python310\lib\site-packages\uvicorn\server.py", line 86, in _serve
2026-05-25 02:58:27:     config.load()
2026-05-25 02:58:27:   File "C:\Users\USER\AppData\Local\Programs\Python\Python310\lib\site-packages\uvicorn\config.py", line 441, in load
2026-05-25 02:58:27:     self.loaded_app = import_from_string(self.app)
2026-05-25 02:58:27:   File "C:\Users\USER\AppData\Local\Programs\Python\Python310\lib\site-packages\uvicorn\importer.py", line 22, in import_from_string
2026-05-25 02:58:27:     raise exc from None
2026-05-25 02:58:27:   File "C:\Users\USER\AppData\Local\Programs\Python\Python310\lib\site-packages\uvicorn\importer.py", line 19, in import_from_string
2026-05-25 02:58:27:     module = importlib.import_module(module_str)
2026-05-25 02:58:27:   File "C:\Users\USER\AppData\Local\Programs\Python\Python310\lib\importlib\__init__.py", line 126, in import_module
2026-05-25 02:58:27:     return _bootstrap._gcd_import(name[level:], package, level)
2026-05-25 02:58:27:   File "<frozen importlib._bootstrap>", line 1050, in _gcd_import
2026-05-25 02:58:27:   File "<frozen importlib._bootstrap>", line 1027, in _find_and_load
2026-05-25 02:58:27:   File "<frozen importlib._bootstrap>", line 1006, in _find_and_load_unlocked
2026-05-25 02:58:27:   File "<frozen importlib._bootstrap>", line 688, in _load_unlocked
2026-05-25 02:58:27:   File "<frozen importlib._bootstrap_external>", line 883, in exec_module
2026-05-25 02:58:27:   File "<frozen importlib._bootstrap>", line 241, in _call_with_frames_removed
2026-05-25 02:58:27:   File "C:\seismocluster\backend\api\main.py", line 8, in <module>
2026-05-25 02:58:27:     from api.routes import ml, earthquake, cluster, summary
2026-05-25 02:58:27:   File "C:\seismocluster\backend\api\routes\ml.py", line 4, in <module>
2026-05-25 02:58:27:     import mlflow
2026-05-25 02:58:27: ModuleNotFoundError: No module named 'mlflow'
2026-05-25 02:58:34: Traceback (most recent call last):
2026-05-25 02:58:34:   File "C:\Users\USER\AppData\Local\Programs\Python\Python310\lib\runpy.py", line 196, in _run_module_as_main
2026-05-25 02:58:34:     return _run_code(code, main_globals, None,
2026-05-25 02:58:34:   File "C:\Users\USER\AppData\Local\Programs\Python\Python310\lib\runpy.py", line 86, in _run_code
2026-05-25 02:58:34:     exec(code, run_globals)
2026-05-25 02:58:34:   File "C:\Users\USER\AppData\Local\Programs\Python\Python310\Scripts\uvicorn.exe\__main__.py", line 7, in <module>
2026-05-25 02:58:34:     sys.exit(main())
2026-05-25 02:58:34:   File "C:\Users\USER\AppData\Local\Programs\Python\Python310\lib\site-packages\click\core.py", line 1485, in __call__
2026-05-25 02:58:34:     return self.main(*args, **kwargs)
2026-05-25 02:58:34:   File "C:\Users\USER\AppData\Local\Programs\Python\Python310\lib\site-packages\click\core.py", line 1406, in main
2026-05-25 02:58:34:     rv = self.invoke(ctx)
2026-05-25 02:58:34:   File "C:\Users\USER\AppData\Local\Programs\Python\Python310\lib\site-packages\click\core.py", line 1269, in invoke
2026-05-25 02:58:34:     return ctx.invoke(self.callback, **ctx.params)
2026-05-25 02:58:34:   File "C:\Users\USER\AppData\Local\Programs\Python\Python310\lib\site-packages\click\core.py", line 824, in invoke
2026-05-25 02:58:34:     return callback(*args, **kwargs)
2026-05-25 02:58:34:   File "C:\Users\USER\AppData\Local\Programs\Python\Python310\lib\site-packages\uvicorn\main.py", line 433, in main
2026-05-25 02:58:34:     run(
2026-05-25 02:58:34:   File "C:\Users\USER\AppData\Local\Programs\Python\Python310\lib\site-packages\uvicorn\main.py", line 606, in run
2026-05-25 02:58:34:     server.run()
2026-05-25 02:58:34:   File "C:\Users\USER\AppData\Local\Programs\Python\Python310\lib\site-packages\uvicorn\server.py", line 75, in run
2026-05-25 02:58:34:     return asyncio_run(self.serve(sockets=sockets), loop_factory=self.config.get_loop_factory())
2026-05-25 02:58:34:   File "C:\Users\USER\AppData\Local\Programs\Python\Python310\lib\site-packages\uvicorn\_compat.py", line 60, in asyncio_run
2026-05-25 02:58:34:     return loop.run_until_complete(main)
2026-05-25 02:58:34:   File "C:\Users\USER\AppData\Local\Programs\Python\Python310\lib\asyncio\base_events.py", line 649, in run_until_complete
2026-05-25 02:58:34:     return future.result()
2026-05-25 02:58:34:   File "C:\Users\USER\AppData\Local\Programs\Python\Python310\lib\site-packages\uvicorn\server.py", line 79, in serve
2026-05-25 02:58:34:     await self._serve(sockets)
2026-05-25 02:58:34:   File "C:\Users\USER\AppData\Local\Programs\Python\Python310\lib\site-packages\uvicorn\server.py", line 86, in _serve
2026-05-25 02:58:34:     config.load()
2026-05-25 02:58:34:   File "C:\Users\USER\AppData\Local\Programs\Python\Python310\lib\site-packages\uvicorn\config.py", line 441, in load
2026-05-25 02:58:34:     self.loaded_app = import_from_string(self.app)
2026-05-25 02:58:34:   File "C:\Users\USER\AppData\Local\Programs\Python\Python310\lib\site-packages\uvicorn\importer.py", line 22, in import_from_string
2026-05-25 02:58:34:     raise exc from None
2026-05-25 02:58:34:   File "C:\Users\USER\AppData\Local\Programs\Python\Python310\lib\site-packages\uvicorn\importer.py", line 19, in import_from_string
2026-05-25 02:58:34:     module = importlib.import_module(module_str)
2026-05-25 02:58:34:   File "C:\Users\USER\AppData\Local\Programs\Python\Python310\lib\importlib\__init__.py", line 126, in import_module
2026-05-25 02:58:34:     return _bootstrap._gcd_import(name[level:], package, level)
2026-05-25 02:58:34:   File "<frozen importlib._bootstrap>", line 1050, in _gcd_import
2026-05-25 02:58:34:   File "<frozen importlib._bootstrap>", line 1027, in _find_and_load
2026-05-25 02:58:34:   File "<frozen importlib._bootstrap>", line 1006, in _find_and_load_unlocked
2026-05-25 02:58:34:   File "<frozen importlib._bootstrap>", line 688, in _load_unlocked
2026-05-25 02:58:34:   File "<frozen importlib._bootstrap_external>", line 883, in exec_module
2026-05-25 02:58:34:   File "<frozen importlib._bootstrap>", line 241, in _call_with_frames_removed
2026-05-25 02:58:34:   File "C:\seismocluster\backend\api\main.py", line 8, in <module>
2026-05-25 02:58:34:     from api.routes import ml, earthquake, cluster, summary
2026-05-25 02:58:34:   File "C:\seismocluster\backend\api\routes\ml.py", line 4, in <module>
2026-05-25 02:58:34:     import mlflow
2026-05-25 02:58:34: ModuleNotFoundError: No module named 'mlflow'
2026-05-25 02:58:40: Traceback (most recent call last):
2026-05-25 02:58:40:   File "C:\Users\USER\AppData\Local\Programs\Python\Python310\lib\runpy.py", line 196, in _run_module_as_main
2026-05-25 02:58:40:     return _run_code(code, main_globals, None,
2026-05-25 02:58:40:   File "C:\Users\USER\AppData\Local\Programs\Python\Python310\lib\runpy.py", line 86, in _run_code
2026-05-25 02:58:40:     exec(code, run_globals)
2026-05-25 02:58:40:   File "C:\Users\USER\AppData\Local\Programs\Python\Python310\Scripts\uvicorn.exe\__main__.py", line 7, in <module>
2026-05-25 02:58:40:     sys.exit(main())
2026-05-25 02:58:40:   File "C:\Users\USER\AppData\Local\Programs\Python\Python310\lib\site-packages\click\core.py", line 1485, in __call__
2026-05-25 02:58:40:     return self.main(*args, **kwargs)
2026-05-25 02:58:40:   File "C:\Users\USER\AppData\Local\Programs\Python\Python310\lib\site-packages\click\core.py", line 1406, in main
2026-05-25 02:58:40:     rv = self.invoke(ctx)
2026-05-25 02:58:40:   File "C:\Users\USER\AppData\Local\Programs\Python\Python310\lib\site-packages\click\core.py", line 1269, in invoke
2026-05-25 02:58:40:     return ctx.invoke(self.callback, **ctx.params)
2026-05-25 02:58:40:   File "C:\Users\USER\AppData\Local\Programs\Python\Python310\lib\site-packages\click\core.py", line 824, in invoke
2026-05-25 02:58:40:     return callback(*args, **kwargs)
2026-05-25 02:58:40:   File "C:\Users\USER\AppData\Local\Programs\Python\Python310\lib\site-packages\uvicorn\main.py", line 433, in main
2026-05-25 02:58:40:     run(
2026-05-25 02:58:40:   File "C:\Users\USER\AppData\Local\Programs\Python\Python310\lib\site-packages\uvicorn\main.py", line 606, in run
2026-05-25 02:58:40:     server.run()
2026-05-25 02:58:40:   File "C:\Users\USER\AppData\Local\Programs\Python\Python310\lib\site-packages\uvicorn\server.py", line 75, in run
2026-05-25 02:58:40:     return asyncio_run(self.serve(sockets=sockets), loop_factory=self.config.get_loop_factory())
2026-05-25 02:58:40:   File "C:\Users\USER\AppData\Local\Programs\Python\Python310\lib\site-packages\uvicorn\_compat.py", line 60, in asyncio_run
2026-05-25 02:58:40:     return loop.run_until_complete(main)
2026-05-25 02:58:40:   File "C:\Users\USER\AppData\Local\Programs\Python\Python310\lib\asyncio\base_events.py", line 649, in run_until_complete
2026-05-25 02:58:40:     return future.result()
2026-05-25 02:58:40:   File "C:\Users\USER\AppData\Local\Programs\Python\Python310\lib\site-packages\uvicorn\server.py", line 79, in serve
2026-05-25 02:58:40:     await self._serve(sockets)
2026-05-25 02:58:40:   File "C:\Users\USER\AppData\Local\Programs\Python\Python310\lib\site-packages\uvicorn\server.py", line 86, in _serve
2026-05-25 02:58:40:     config.load()
2026-05-25 02:58:40:   File "C:\Users\USER\AppData\Local\Programs\Python\Python310\lib\site-packages\uvicorn\config.py", line 441, in load
2026-05-25 02:58:40:     self.loaded_app = import_from_string(self.app)
2026-05-25 02:58:40:   File "C:\Users\USER\AppData\Local\Programs\Python\Python310\lib\site-packages\uvicorn\importer.py", line 22, in import_from_string
2026-05-25 02:58:40:     raise exc from None
2026-05-25 02:58:40:   File "C:\Users\USER\AppData\Local\Programs\Python\Python310\lib\site-packages\uvicorn\importer.py", line 19, in import_from_string
2026-05-25 02:58:40:     module = importlib.import_module(module_str)
2026-05-25 02:58:40:   File "C:\Users\USER\AppData\Local\Programs\Python\Python310\lib\importlib\__init__.py", line 126, in import_module
2026-05-25 02:58:40:     return _bootstrap._gcd_import(name[level:], package, level)
2026-05-25 02:58:40:   File "<frozen importlib._bootstrap>", line 1050, in _gcd_import
2026-05-25 02:58:40:   File "<frozen importlib._bootstrap>", line 1027, in _find_and_load
2026-05-25 02:58:40:   File "<frozen importlib._bootstrap>", line 1006, in _find_and_load_unlocked
2026-05-25 02:58:40:   File "<frozen importlib._bootstrap>", line 688, in _load_unlocked
2026-05-25 02:58:40:   File "<frozen importlib._bootstrap_external>", line 883, in exec_module
2026-05-25 02:58:40:   File "<frozen importlib._bootstrap>", line 241, in _call_with_frames_removed
2026-05-25 02:58:40:   File "C:\seismocluster\backend\api\main.py", line 8, in <module>
2026-05-25 02:58:40:     from api.routes import ml, earthquake, cluster, summary
2026-05-25 02:58:40:   File "C:\seismocluster\backend\api\routes\ml.py", line 4, in <module>
2026-05-25 02:58:40:     import mlflow
2026-05-25 02:58:40: ModuleNotFoundError: No module named 'mlflow'
2026-05-25 02:58:47: Traceback (most recent call last):
2026-05-25 02:58:47:   File "C:\Users\USER\AppData\Local\Programs\Python\Python310\lib\runpy.py", line 196, in _run_module_as_main
2026-05-25 02:58:47:     return _run_code(code, main_globals, None,
2026-05-25 02:58:47:   File "C:\Users\USER\AppData\Local\Programs\Python\Python310\lib\runpy.py", line 86, in _run_code
2026-05-25 02:58:47:     exec(code, run_globals)
2026-05-25 02:58:47:   File "C:\Users\USER\AppData\Local\Programs\Python\Python310\Scripts\uvicorn.exe\__main__.py", line 7, in <module>
2026-05-25 02:58:47:     sys.exit(main())
2026-05-25 02:58:47:   File "C:\Users\USER\AppData\Local\Programs\Python\Python310\lib\site-packages\click\core.py", line 1485, in __call__
2026-05-25 02:58:47:     return self.main(*args, **kwargs)
2026-05-25 02:58:47:   File "C:\Users\USER\AppData\Local\Programs\Python\Python310\lib\site-packages\click\core.py", line 1406, in main
2026-05-25 02:58:47:     rv = self.invoke(ctx)
2026-05-25 02:58:47:   File "C:\Users\USER\AppData\Local\Programs\Python\Python310\lib\site-packages\click\core.py", line 1269, in invoke
2026-05-25 02:58:47:     return ctx.invoke(self.callback, **ctx.params)
2026-05-25 02:58:47:   File "C:\Users\USER\AppData\Local\Programs\Python\Python310\lib\site-packages\click\core.py", line 824, in invoke
2026-05-25 02:58:47:     return callback(*args, **kwargs)
2026-05-25 02:58:47:   File "C:\Users\USER\AppData\Local\Programs\Python\Python310\lib\site-packages\uvicorn\main.py", line 433, in main
2026-05-25 02:58:47:     run(
2026-05-25 02:58:47:   File "C:\Users\USER\AppData\Local\Programs\Python\Python310\lib\site-packages\uvicorn\main.py", line 606, in run
2026-05-25 02:58:47:     server.run()
2026-05-25 02:58:47:   File "C:\Users\USER\AppData\Local\Programs\Python\Python310\lib\site-packages\uvicorn\server.py", line 75, in run
2026-05-25 02:58:47:     return asyncio_run(self.serve(sockets=sockets), loop_factory=self.config.get_loop_factory())
2026-05-25 02:58:47:   File "C:\Users\USER\AppData\Local\Programs\Python\Python310\lib\site-packages\uvicorn\_compat.py", line 60, in asyncio_run
2026-05-25 02:58:47:     return loop.run_until_complete(main)
2026-05-25 02:58:47:   File "C:\Users\USER\AppData\Local\Programs\Python\Python310\lib\asyncio\base_events.py", line 649, in run_until_complete
2026-05-25 02:58:47:     return future.result()
2026-05-25 02:58:47:   File "C:\Users\USER\AppData\Local\Programs\Python\Python310\lib\site-packages\uvicorn\server.py", line 79, in serve
2026-05-25 02:58:47:     await self._serve(sockets)
2026-05-25 02:58:47:   File "C:\Users\USER\AppData\Local\Programs\Python\Python310\lib\site-packages\uvicorn\server.py", line 86, in _serve
2026-05-25 02:58:47:     config.load()
2026-05-25 02:58:47:   File "C:\Users\USER\AppData\Local\Programs\Python\Python310\lib\site-packages\uvicorn\config.py", line 441, in load
2026-05-25 02:58:47:     self.loaded_app = import_from_string(self.app)
2026-05-25 02:58:47:   File "C:\Users\USER\AppData\Local\Programs\Python\Python310\lib\site-packages\uvicorn\importer.py", line 22, in import_from_string
2026-05-25 02:58:47:     raise exc from None
2026-05-25 02:58:47:   File "C:\Users\USER\AppData\Local\Programs\Python\Python310\lib\site-packages\uvicorn\importer.py", line 19, in import_from_string
2026-05-25 02:58:47:     module = importlib.import_module(module_str)
2026-05-25 02:58:47:   File "C:\Users\USER\AppData\Local\Programs\Python\Python310\lib\importlib\__init__.py", line 126, in import_module
2026-05-25 02:58:47:     return _bootstrap._gcd_import(name[level:], package, level)
2026-05-25 02:58:47:   File "<frozen importlib._bootstrap>", line 1050, in _gcd_import
2026-05-25 02:58:47:   File "<frozen importlib._bootstrap>", line 1027, in _find_and_load
2026-05-25 02:58:47:   File "<frozen importlib._bootstrap>", line 1006, in _find_and_load_unlocked
2026-05-25 02:58:47:   File "<frozen importlib._bootstrap>", line 688, in _load_unlocked
2026-05-25 02:58:47:   File "<frozen importlib._bootstrap_external>", line 883, in exec_module
2026-05-25 02:58:47:   File "<frozen importlib._bootstrap>", line 241, in _call_with_frames_removed
2026-05-25 02:58:47:   File "C:\seismocluster\backend\api\main.py", line 8, in <module>
2026-05-25 02:58:47:     from api.routes import ml, earthquake, cluster, summary
2026-05-25 02:58:47:   File "C:\seismocluster\backend\api\routes\ml.py", line 4, in <module>
2026-05-25 02:58:47:     import mlflow
2026-05-25 02:58:47: ModuleNotFoundError: No module named 'mlflow'
2026-05-25 02:58:54: Traceback (most recent call last):
2026-05-25 02:58:54:   File "C:\Users\USER\AppData\Local\Programs\Python\Python310\lib\runpy.py", line 196, in _run_module_as_main
2026-05-25 02:58:54:     return _run_code(code, main_globals, None,
2026-05-25 02:58:54:   File "C:\Users\USER\AppData\Local\Programs\Python\Python310\lib\runpy.py", line 86, in _run_code
2026-05-25 02:58:54:     exec(code, run_globals)
2026-05-25 02:58:54:   File "C:\Users\USER\AppData\Local\Programs\Python\Python310\Scripts\uvicorn.exe\__main__.py", line 7, in <module>
2026-05-25 02:58:54:     sys.exit(main())
2026-05-25 02:58:54:   File "C:\Users\USER\AppData\Local\Programs\Python\Python310\lib\site-packages\click\core.py", line 1485, in __call__
2026-05-25 02:58:54:     return self.main(*args, **kwargs)
2026-05-25 02:58:54:   File "C:\Users\USER\AppData\Local\Programs\Python\Python310\lib\site-packages\click\core.py", line 1406, in main
2026-05-25 02:58:54:     rv = self.invoke(ctx)
2026-05-25 02:58:54:   File "C:\Users\USER\AppData\Local\Programs\Python\Python310\lib\site-packages\click\core.py", line 1269, in invoke
2026-05-25 02:58:54:     return ctx.invoke(self.callback, **ctx.params)
2026-05-25 02:58:54:   File "C:\Users\USER\AppData\Local\Programs\Python\Python310\lib\site-packages\click\core.py", line 824, in invoke
2026-05-25 02:58:54:     return callback(*args, **kwargs)
2026-05-25 02:58:54:   File "C:\Users\USER\AppData\Local\Programs\Python\Python310\lib\site-packages\uvicorn\main.py", line 433, in main
2026-05-25 02:58:54:     run(
2026-05-25 02:58:54:   File "C:\Users\USER\AppData\Local\Programs\Python\Python310\lib\site-packages\uvicorn\main.py", line 606, in run
2026-05-25 02:58:54:     server.run()
2026-05-25 02:58:54:   File "C:\Users\USER\AppData\Local\Programs\Python\Python310\lib\site-packages\uvicorn\server.py", line 75, in run
2026-05-25 02:58:54:     return asyncio_run(self.serve(sockets=sockets), loop_factory=self.config.get_loop_factory())
2026-05-25 02:58:54:   File "C:\Users\USER\AppData\Local\Programs\Python\Python310\lib\site-packages\uvicorn\_compat.py", line 60, in asyncio_run
2026-05-25 02:58:54:     return loop.run_until_complete(main)
2026-05-25 02:58:54:   File "C:\Users\USER\AppData\Local\Programs\Python\Python310\lib\asyncio\base_events.py", line 649, in run_until_complete
2026-05-25 02:58:54:     return future.result()
2026-05-25 02:58:54:   File "C:\Users\USER\AppData\Local\Programs\Python\Python310\lib\site-packages\uvicorn\server.py", line 79, in serve
2026-05-25 02:58:54:     await self._serve(sockets)
2026-05-25 02:58:54:   File "C:\Users\USER\AppData\Local\Programs\Python\Python310\lib\site-packages\uvicorn\server.py", line 86, in _serve
2026-05-25 02:58:54:     config.load()
2026-05-25 02:58:54:   File "C:\Users\USER\AppData\Local\Programs\Python\Python310\lib\site-packages\uvicorn\config.py", line 441, in load
2026-05-25 02:58:54:     self.loaded_app = import_from_string(self.app)
2026-05-25 02:58:54:   File "C:\Users\USER\AppData\Local\Programs\Python\Python310\lib\site-packages\uvicorn\importer.py", line 22, in import_from_string
2026-05-25 02:58:54:     raise exc from None
2026-05-25 02:58:54:   File "C:\Users\USER\AppData\Local\Programs\Python\Python310\lib\site-packages\uvicorn\importer.py", line 19, in import_from_string
2026-05-25 02:58:54:     module = importlib.import_module(module_str)
2026-05-25 02:58:54:   File "C:\Users\USER\AppData\Local\Programs\Python\Python310\lib\importlib\__init__.py", line 126, in import_module
2026-05-25 02:58:54:     return _bootstrap._gcd_import(name[level:], package, level)
2026-05-25 02:58:54:   File "<frozen importlib._bootstrap>", line 1050, in _gcd_import
2026-05-25 02:58:54:   File "<frozen importlib._bootstrap>", line 1027, in _find_and_load
2026-05-25 02:58:54:   File "<frozen importlib._bootstrap>", line 1006, in _find_and_load_unlocked
2026-05-25 02:58:54:   File "<frozen importlib._bootstrap>", line 688, in _load_unlocked
2026-05-25 02:58:54:   File "<frozen importlib._bootstrap_external>", line 883, in exec_module
2026-05-25 02:58:54:   File "<frozen importlib._bootstrap>", line 241, in _call_with_frames_removed
2026-05-25 02:58:54:   File "C:\seismocluster\backend\api\main.py", line 8, in <module>
2026-05-25 02:58:54:     from api.routes import ml, earthquake, cluster, summary
2026-05-25 02:58:54:   File "C:\seismocluster\backend\api\routes\ml.py", line 4, in <module>
2026-05-25 02:58:54:     import mlflow
2026-05-25 02:58:54: ModuleNotFoundError: No module named 'mlflow'
2026-05-25 02:59:00: Traceback (most recent call last):
2026-05-25 02:59:00:   File "C:\Users\USER\AppData\Local\Programs\Python\Python310\lib\runpy.py", line 196, in _run_module_as_main
2026-05-25 02:59:00:     return _run_code(code, main_globals, None,
2026-05-25 02:59:00:   File "C:\Users\USER\AppData\Local\Programs\Python\Python310\lib\runpy.py", line 86, in _run_code
2026-05-25 02:59:00:     exec(code, run_globals)
2026-05-25 02:59:00:   File "C:\Users\USER\AppData\Local\Programs\Python\Python310\Scripts\uvicorn.exe\__main__.py", line 7, in <module>
2026-05-25 02:59:00:     sys.exit(main())
2026-05-25 02:59:00:   File "C:\Users\USER\AppData\Local\Programs\Python\Python310\lib\site-packages\click\core.py", line 1485, in __call__
2026-05-25 02:59:00:     return self.main(*args, **kwargs)
2026-05-25 02:59:00:   File "C:\Users\USER\AppData\Local\Programs\Python\Python310\lib\site-packages\click\core.py", line 1406, in main
2026-05-25 02:59:00:     rv = self.invoke(ctx)
2026-05-25 02:59:00:   File "C:\Users\USER\AppData\Local\Programs\Python\Python310\lib\site-packages\click\core.py", line 1269, in invoke
2026-05-25 02:59:00:     return ctx.invoke(self.callback, **ctx.params)
2026-05-25 02:59:00:   File "C:\Users\USER\AppData\Local\Programs\Python\Python310\lib\site-packages\click\core.py", line 824, in invoke
2026-05-25 02:59:00:     return callback(*args, **kwargs)
2026-05-25 02:59:00:   File "C:\Users\USER\AppData\Local\Programs\Python\Python310\lib\site-packages\uvicorn\main.py", line 433, in main
2026-05-25 02:59:00:     run(
2026-05-25 02:59:00:   File "C:\Users\USER\AppData\Local\Programs\Python\Python310\lib\site-packages\uvicorn\main.py", line 606, in run
2026-05-25 02:59:00:     server.run()
2026-05-25 02:59:00:   File "C:\Users\USER\AppData\Local\Programs\Python\Python310\lib\site-packages\uvicorn\server.py", line 75, in run
2026-05-25 02:59:00:     return asyncio_run(self.serve(sockets=sockets), loop_factory=self.config.get_loop_factory())
2026-05-25 02:59:00:   File "C:\Users\USER\AppData\Local\Programs\Python\Python310\lib\site-packages\uvicorn\_compat.py", line 60, in asyncio_run
2026-05-25 02:59:00:     return loop.run_until_complete(main)
2026-05-25 02:59:00:   File "C:\Users\USER\AppData\Local\Programs\Python\Python310\lib\asyncio\base_events.py", line 649, in run_until_complete
2026-05-25 02:59:00:     return future.result()
2026-05-25 02:59:00:   File "C:\Users\USER\AppData\Local\Programs\Python\Python310\lib\site-packages\uvicorn\server.py", line 79, in serve
2026-05-25 02:59:00:     await self._serve(sockets)
2026-05-25 02:59:00:   File "C:\Users\USER\AppData\Local\Programs\Python\Python310\lib\site-packages\uvicorn\server.py", line 86, in _serve
2026-05-25 02:59:00:     config.load()
2026-05-25 02:59:00:   File "C:\Users\USER\AppData\Local\Programs\Python\Python310\lib\site-packages\uvicorn\config.py", line 441, in load
2026-05-25 02:59:00:     self.loaded_app = import_from_string(self.app)
2026-05-25 02:59:00:   File "C:\Users\USER\AppData\Local\Programs\Python\Python310\lib\site-packages\uvicorn\importer.py", line 22, in import_from_string
2026-05-25 02:59:00:     raise exc from None
2026-05-25 02:59:00:   File "C:\Users\USER\AppData\Local\Programs\Python\Python310\lib\site-packages\uvicorn\importer.py", line 19, in import_from_string
2026-05-25 02:59:00:     module = importlib.import_module(module_str)
2026-05-25 02:59:00:   File "C:\Users\USER\AppData\Local\Programs\Python\Python310\lib\importlib\__init__.py", line 126, in import_module
2026-05-25 02:59:00:     return _bootstrap._gcd_import(name[level:], package, level)
2026-05-25 02:59:00:   File "<frozen importlib._bootstrap>", line 1050, in _gcd_import
2026-05-25 02:59:00:   File "<frozen importlib._bootstrap>", line 1027, in _find_and_load
2026-05-25 02:59:00:   File "<frozen importlib._bootstrap>", line 1006, in _find_and_load_unlocked
2026-05-25 02:59:00:   File "<frozen importlib._bootstrap>", line 688, in _load_unlocked
2026-05-25 02:59:00:   File "<frozen importlib._bootstrap_external>", line 883, in exec_module
2026-05-25 02:59:00:   File "<frozen importlib._bootstrap>", line 241, in _call_with_frames_removed
2026-05-25 02:59:00:   File "C:\seismocluster\backend\api\main.py", line 8, in <module>
2026-05-25 02:59:00:     from api.routes import ml, earthquake, cluster, summary
2026-05-25 02:59:00:   File "C:\seismocluster\backend\api\routes\ml.py", line 4, in <module>
2026-05-25 02:59:00:     import mlflow
2026-05-25 02:59:00: ModuleNotFoundError: No module named 'mlflow'
2026-05-25 02:59:06: Traceback (most recent call last):
2026-05-25 02:59:06:   File "C:\Users\USER\AppData\Local\Programs\Python\Python310\lib\runpy.py", line 196, in _run_module_as_main
2026-05-25 02:59:06:     return _run_code(code, main_globals, None,
2026-05-25 02:59:06:   File "C:\Users\USER\AppData\Local\Programs\Python\Python310\lib\runpy.py", line 86, in _run_code
2026-05-25 02:59:06:     exec(code, run_globals)
2026-05-25 02:59:06:   File "C:\Users\USER\AppData\Local\Programs\Python\Python310\Scripts\uvicorn.exe\__main__.py", line 7, in <module>
2026-05-25 02:59:06:     sys.exit(main())
2026-05-25 02:59:06:   File "C:\Users\USER\AppData\Local\Programs\Python\Python310\lib\site-packages\click\core.py", line 1485, in __call__
2026-05-25 02:59:06:     return self.main(*args, **kwargs)
2026-05-25 02:59:06:   File "C:\Users\USER\AppData\Local\Programs\Python\Python310\lib\site-packages\click\core.py", line 1406, in main
2026-05-25 02:59:06:     rv = self.invoke(ctx)
2026-05-25 02:59:06:   File "C:\Users\USER\AppData\Local\Programs\Python\Python310\lib\site-packages\click\core.py", line 1269, in invoke
2026-05-25 02:59:06:     return ctx.invoke(self.callback, **ctx.params)
2026-05-25 02:59:06:   File "C:\Users\USER\AppData\Local\Programs\Python\Python310\lib\site-packages\click\core.py", line 824, in invoke
2026-05-25 02:59:06:     return callback(*args, **kwargs)
2026-05-25 02:59:06:   File "C:\Users\USER\AppData\Local\Programs\Python\Python310\lib\site-packages\uvicorn\main.py", line 433, in main
2026-05-25 02:59:06:     run(
2026-05-25 02:59:06:   File "C:\Users\USER\AppData\Local\Programs\Python\Python310\lib\site-packages\uvicorn\main.py", line 606, in run
2026-05-25 02:59:06:     server.run()
2026-05-25 02:59:06:   File "C:\Users\USER\AppData\Local\Programs\Python\Python310\lib\site-packages\uvicorn\server.py", line 75, in run
2026-05-25 02:59:06:     return asyncio_run(self.serve(sockets=sockets), loop_factory=self.config.get_loop_factory())
2026-05-25 02:59:06:   File "C:\Users\USER\AppData\Local\Programs\Python\Python310\lib\site-packages\uvicorn\_compat.py", line 60, in asyncio_run
2026-05-25 02:59:06:     return loop.run_until_complete(main)
2026-05-25 02:59:06:   File "C:\Users\USER\AppData\Local\Programs\Python\Python310\lib\asyncio\base_events.py", line 649, in run_until_complete
2026-05-25 02:59:06:     return future.result()
2026-05-25 02:59:06:   File "C:\Users\USER\AppData\Local\Programs\Python\Python310\lib\site-packages\uvicorn\server.py", line 79, in serve
2026-05-25 02:59:06:     await self._serve(sockets)
2026-05-25 02:59:06:   File "C:\Users\USER\AppData\Local\Programs\Python\Python310\lib\site-packages\uvicorn\server.py", line 86, in _serve
2026-05-25 02:59:06:     config.load()
2026-05-25 02:59:06:   File "C:\Users\USER\AppData\Local\Programs\Python\Python310\lib\site-packages\uvicorn\config.py", line 441, in load
2026-05-25 02:59:06:     self.loaded_app = import_from_string(self.app)
2026-05-25 02:59:06:   File "C:\Users\USER\AppData\Local\Programs\Python\Python310\lib\site-packages\uvicorn\importer.py", line 22, in import_from_string
2026-05-25 02:59:06:     raise exc from None
2026-05-25 02:59:06:   File "C:\Users\USER\AppData\Local\Programs\Python\Python310\lib\site-packages\uvicorn\importer.py", line 19, in import_from_string
2026-05-25 02:59:06:     module = importlib.import_module(module_str)
2026-05-25 02:59:06:   File "C:\Users\USER\AppData\Local\Programs\Python\Python310\lib\importlib\__init__.py", line 126, in import_module
2026-05-25 02:59:06:     return _bootstrap._gcd_import(name[level:], package, level)
2026-05-25 02:59:06:   File "<frozen importlib._bootstrap>", line 1050, in _gcd_import
2026-05-25 02:59:06:   File "<frozen importlib._bootstrap>", line 1027, in _find_and_load
2026-05-25 02:59:06:   File "<frozen importlib._bootstrap>", line 1006, in _find_and_load_unlocked
2026-05-25 02:59:06:   File "<frozen importlib._bootstrap>", line 688, in _load_unlocked
2026-05-25 02:59:06:   File "<frozen importlib._bootstrap_external>", line 883, in exec_module
2026-05-25 02:59:06:   File "<frozen importlib._bootstrap>", line 241, in _call_with_frames_removed
2026-05-25 02:59:06:   File "C:\seismocluster\backend\api\main.py", line 8, in <module>
2026-05-25 02:59:06:     from api.routes import ml, earthquake, cluster, summary
2026-05-25 02:59:06:   File "C:\seismocluster\backend\api\routes\ml.py", line 4, in <module>
2026-05-25 02:59:06:     import mlflow
2026-05-25 02:59:06: ModuleNotFoundError: No module named 'mlflow'
2026-05-25 02:59:13: Traceback (most recent call last):
2026-05-25 02:59:13:   File "C:\Users\USER\AppData\Local\Programs\Python\Python310\lib\runpy.py", line 196, in _run_module_as_main
2026-05-25 02:59:13:     return _run_code(code, main_globals, None,
2026-05-25 02:59:13:   File "C:\Users\USER\AppData\Local\Programs\Python\Python310\lib\runpy.py", line 86, in _run_code
2026-05-25 02:59:13:     exec(code, run_globals)
2026-05-25 02:59:13:   File "C:\Users\USER\AppData\Local\Programs\Python\Python310\Scripts\uvicorn.exe\__main__.py", line 7, in <module>
2026-05-25 02:59:13:     sys.exit(main())
2026-05-25 02:59:13:   File "C:\Users\USER\AppData\Local\Programs\Python\Python310\lib\site-packages\click\core.py", line 1485, in __call__
2026-05-25 02:59:13:     return self.main(*args, **kwargs)
2026-05-25 02:59:13:   File "C:\Users\USER\AppData\Local\Programs\Python\Python310\lib\site-packages\click\core.py", line 1406, in main
2026-05-25 02:59:13:     rv = self.invoke(ctx)
2026-05-25 02:59:13:   File "C:\Users\USER\AppData\Local\Programs\Python\Python310\lib\site-packages\click\core.py", line 1269, in invoke
2026-05-25 02:59:13:     return ctx.invoke(self.callback, **ctx.params)
2026-05-25 02:59:13:   File "C:\Users\USER\AppData\Local\Programs\Python\Python310\lib\site-packages\click\core.py", line 824, in invoke
2026-05-25 02:59:13:     return callback(*args, **kwargs)
2026-05-25 02:59:13:   File "C:\Users\USER\AppData\Local\Programs\Python\Python310\lib\site-packages\uvicorn\main.py", line 433, in main
2026-05-25 02:59:13:     run(
2026-05-25 02:59:13:   File "C:\Users\USER\AppData\Local\Programs\Python\Python310\lib\site-packages\uvicorn\main.py", line 606, in run
2026-05-25 02:59:13:     server.run()
2026-05-25 02:59:13:   File "C:\Users\USER\AppData\Local\Programs\Python\Python310\lib\site-packages\uvicorn\server.py", line 75, in run
2026-05-25 02:59:13:     return asyncio_run(self.serve(sockets=sockets), loop_factory=self.config.get_loop_factory())
2026-05-25 02:59:13:   File "C:\Users\USER\AppData\Local\Programs\Python\Python310\lib\site-packages\uvicorn\_compat.py", line 60, in asyncio_run
2026-05-25 02:59:13:     return loop.run_until_complete(main)
2026-05-25 02:59:13:   File "C:\Users\USER\AppData\Local\Programs\Python\Python310\lib\asyncio\base_events.py", line 649, in run_until_complete
2026-05-25 02:59:13:     return future.result()
2026-05-25 02:59:13:   File "C:\Users\USER\AppData\Local\Programs\Python\Python310\lib\site-packages\uvicorn\server.py", line 79, in serve
2026-05-25 02:59:13:     await self._serve(sockets)
2026-05-25 02:59:13:   File "C:\Users\USER\AppData\Local\Programs\Python\Python310\lib\site-packages\uvicorn\server.py", line 86, in _serve
2026-05-25 02:59:13:     config.load()
2026-05-25 02:59:13:   File "C:\Users\USER\AppData\Local\Programs\Python\Python310\lib\site-packages\uvicorn\config.py", line 441, in load
2026-05-25 02:59:13:     self.loaded_app = import_from_string(self.app)
2026-05-25 02:59:13:   File "C:\Users\USER\AppData\Local\Programs\Python\Python310\lib\site-packages\uvicorn\importer.py", line 22, in import_from_string
2026-05-25 02:59:13:     raise exc from None
2026-05-25 02:59:13:   File "C:\Users\USER\AppData\Local\Programs\Python\Python310\lib\site-packages\uvicorn\importer.py", line 19, in import_from_string
2026-05-25 02:59:13:     module = importlib.import_module(module_str)
2026-05-25 02:59:13:   File "C:\Users\USER\AppData\Local\Programs\Python\Python310\lib\importlib\__init__.py", line 126, in import_module
2026-05-25 02:59:13:     return _bootstrap._gcd_import(name[level:], package, level)
2026-05-25 02:59:13:   File "<frozen importlib._bootstrap>", line 1050, in _gcd_import
2026-05-25 02:59:13:   File "<frozen importlib._bootstrap>", line 1027, in _find_and_load
2026-05-25 02:59:13:   File "<frozen importlib._bootstrap>", line 1006, in _find_and_load_unlocked
2026-05-25 02:59:13:   File "<frozen importlib._bootstrap>", line 688, in _load_unlocked
2026-05-25 02:59:13:   File "<frozen importlib._bootstrap_external>", line 883, in exec_module
2026-05-25 02:59:13:   File "<frozen importlib._bootstrap>", line 241, in _call_with_frames_removed
2026-05-25 02:59:13:   File "C:\seismocluster\backend\api\main.py", line 8, in <module>
2026-05-25 02:59:13:     from api.routes import ml, earthquake, cluster, summary
2026-05-25 02:59:13:   File "C:\seismocluster\backend\api\routes\ml.py", line 4, in <module>
2026-05-25 02:59:13:     import mlflow
2026-05-25 02:59:13: ModuleNotFoundError: No module named 'mlflow'
2026-05-25 02:59:20: Traceback (most recent call last):
2026-05-25 02:59:20:   File "C:\Users\USER\AppData\Local\Programs\Python\Python310\lib\runpy.py", line 196, in _run_module_as_main
2026-05-25 02:59:20:     return _run_code(code, main_globals, None,
2026-05-25 02:59:20:   File "C:\Users\USER\AppData\Local\Programs\Python\Python310\lib\runpy.py", line 86, in _run_code
2026-05-25 02:59:20:     exec(code, run_globals)
2026-05-25 02:59:20:   File "C:\Users\USER\AppData\Local\Programs\Python\Python310\Scripts\uvicorn.exe\__main__.py", line 7, in <module>
2026-05-25 02:59:20:     sys.exit(main())
2026-05-25 02:59:20:   File "C:\Users\USER\AppData\Local\Programs\Python\Python310\lib\site-packages\click\core.py", line 1485, in __call__
2026-05-25 02:59:20:     return self.main(*args, **kwargs)
2026-05-25 02:59:20:   File "C:\Users\USER\AppData\Local\Programs\Python\Python310\lib\site-packages\click\core.py", line 1406, in main
2026-05-25 02:59:20:     rv = self.invoke(ctx)
2026-05-25 02:59:20:   File "C:\Users\USER\AppData\Local\Programs\Python\Python310\lib\site-packages\click\core.py", line 1269, in invoke
2026-05-25 02:59:20:     return ctx.invoke(self.callback, **ctx.params)
2026-05-25 02:59:20:   File "C:\Users\USER\AppData\Local\Programs\Python\Python310\lib\site-packages\click\core.py", line 824, in invoke
2026-05-25 02:59:20:     return callback(*args, **kwargs)
2026-05-25 02:59:20:   File "C:\Users\USER\AppData\Local\Programs\Python\Python310\lib\site-packages\uvicorn\main.py", line 433, in main
2026-05-25 02:59:20:     run(
2026-05-25 02:59:20:   File "C:\Users\USER\AppData\Local\Programs\Python\Python310\lib\site-packages\uvicorn\main.py", line 606, in run
2026-05-25 02:59:20:     server.run()
2026-05-25 02:59:20:   File "C:\Users\USER\AppData\Local\Programs\Python\Python310\lib\site-packages\uvicorn\server.py", line 75, in run
2026-05-25 02:59:20:     return asyncio_run(self.serve(sockets=sockets), loop_factory=self.config.get_loop_factory())
2026-05-25 02:59:20:   File "C:\Users\USER\AppData\Local\Programs\Python\Python310\lib\site-packages\uvicorn\_compat.py", line 60, in asyncio_run
2026-05-25 02:59:20:     return loop.run_until_complete(main)
2026-05-25 02:59:20:   File "C:\Users\USER\AppData\Local\Programs\Python\Python310\lib\asyncio\base_events.py", line 649, in run_until_complete
2026-05-25 02:59:20:     return future.result()
2026-05-25 02:59:20:   File "C:\Users\USER\AppData\Local\Programs\Python\Python310\lib\site-packages\uvicorn\server.py", line 79, in serve
2026-05-25 02:59:20:     await self._serve(sockets)
2026-05-25 02:59:20:   File "C:\Users\USER\AppData\Local\Programs\Python\Python310\lib\site-packages\uvicorn\server.py", line 86, in _serve
2026-05-25 02:59:20:     config.load()
2026-05-25 02:59:20:   File "C:\Users\USER\AppData\Local\Programs\Python\Python310\lib\site-packages\uvicorn\config.py", line 441, in load
2026-05-25 02:59:20:     self.loaded_app = import_from_string(self.app)
2026-05-25 02:59:20:   File "C:\Users\USER\AppData\Local\Programs\Python\Python310\lib\site-packages\uvicorn\importer.py", line 22, in import_from_string
2026-05-25 02:59:20:     raise exc from None
2026-05-25 02:59:20:   File "C:\Users\USER\AppData\Local\Programs\Python\Python310\lib\site-packages\uvicorn\importer.py", line 19, in import_from_string
2026-05-25 02:59:20:     module = importlib.import_module(module_str)
2026-05-25 02:59:20:   File "C:\Users\USER\AppData\Local\Programs\Python\Python310\lib\importlib\__init__.py", line 126, in import_module
2026-05-25 02:59:20:     return _bootstrap._gcd_import(name[level:], package, level)
2026-05-25 02:59:20:   File "<frozen importlib._bootstrap>", line 1050, in _gcd_import
2026-05-25 02:59:20:   File "<frozen importlib._bootstrap>", line 1027, in _find_and_load
2026-05-25 02:59:20:   File "<frozen importlib._bootstrap>", line 1006, in _find_and_load_unlocked
2026-05-25 02:59:20:   File "<frozen importlib._bootstrap>", line 688, in _load_unlocked
2026-05-25 02:59:20:   File "<frozen importlib._bootstrap_external>", line 883, in exec_module
2026-05-25 02:59:20:   File "<frozen importlib._bootstrap>", line 241, in _call_with_frames_removed
2026-05-25 02:59:20:   File "C:\seismocluster\backend\api\main.py", line 8, in <module>
2026-05-25 02:59:20:     from api.routes import ml, earthquake, cluster, summary
2026-05-25 02:59:20:   File "C:\seismocluster\backend\api\routes\ml.py", line 4, in <module>
2026-05-25 02:59:20:     import mlflow
2026-05-25 02:59:20: ModuleNotFoundError: No module named 'mlflow'
2026-05-25 02:59:28: Traceback (most recent call last):
2026-05-25 02:59:28:   File "C:\Users\USER\AppData\Local\Programs\Python\Python310\lib\runpy.py", line 196, in _run_module_as_main
2026-05-25 02:59:28:     return _run_code(code, main_globals, None,
2026-05-25 02:59:28:   File "C:\Users\USER\AppData\Local\Programs\Python\Python310\lib\runpy.py", line 86, in _run_code
2026-05-25 02:59:28:     exec(code, run_globals)
2026-05-25 02:59:28:   File "C:\Users\USER\AppData\Local\Programs\Python\Python310\Scripts\uvicorn.exe\__main__.py", line 7, in <module>
2026-05-25 02:59:28:     sys.exit(main())
2026-05-25 02:59:28:   File "C:\Users\USER\AppData\Local\Programs\Python\Python310\lib\site-packages\click\core.py", line 1485, in __call__
2026-05-25 02:59:28:     return self.main(*args, **kwargs)
2026-05-25 02:59:28:   File "C:\Users\USER\AppData\Local\Programs\Python\Python310\lib\site-packages\click\core.py", line 1406, in main
2026-05-25 02:59:28:     rv = self.invoke(ctx)
2026-05-25 02:59:28:   File "C:\Users\USER\AppData\Local\Programs\Python\Python310\lib\site-packages\click\core.py", line 1269, in invoke
2026-05-25 02:59:28:     return ctx.invoke(self.callback, **ctx.params)
2026-05-25 02:59:28:   File "C:\Users\USER\AppData\Local\Programs\Python\Python310\lib\site-packages\click\core.py", line 824, in invoke
2026-05-25 02:59:28:     return callback(*args, **kwargs)
2026-05-25 02:59:28:   File "C:\Users\USER\AppData\Local\Programs\Python\Python310\lib\site-packages\uvicorn\main.py", line 433, in main
2026-05-25 02:59:28:     run(
2026-05-25 02:59:28:   File "C:\Users\USER\AppData\Local\Programs\Python\Python310\lib\site-packages\uvicorn\main.py", line 606, in run
2026-05-25 02:59:28:     server.run()
2026-05-25 02:59:28:   File "C:\Users\USER\AppData\Local\Programs\Python\Python310\lib\site-packages\uvicorn\server.py", line 75, in run
2026-05-25 02:59:28:     return asyncio_run(self.serve(sockets=sockets), loop_factory=self.config.get_loop_factory())
2026-05-25 02:59:28:   File "C:\Users\USER\AppData\Local\Programs\Python\Python310\lib\site-packages\uvicorn\_compat.py", line 60, in asyncio_run
2026-05-25 02:59:28:     return loop.run_until_complete(main)
2026-05-25 02:59:28:   File "C:\Users\USER\AppData\Local\Programs\Python\Python310\lib\asyncio\base_events.py", line 649, in run_until_complete
2026-05-25 02:59:28:     return future.result()
2026-05-25 02:59:28:   File "C:\Users\USER\AppData\Local\Programs\Python\Python310\lib\site-packages\uvicorn\server.py", line 79, in serve
2026-05-25 02:59:28:     await self._serve(sockets)
2026-05-25 02:59:28:   File "C:\Users\USER\AppData\Local\Programs\Python\Python310\lib\site-packages\uvicorn\server.py", line 86, in _serve
2026-05-25 02:59:28:     config.load()
2026-05-25 02:59:28:   File "C:\Users\USER\AppData\Local\Programs\Python\Python310\lib\site-packages\uvicorn\config.py", line 441, in load
2026-05-25 02:59:28:     self.loaded_app = import_from_string(self.app)
2026-05-25 02:59:28:   File "C:\Users\USER\AppData\Local\Programs\Python\Python310\lib\site-packages\uvicorn\importer.py", line 22, in import_from_string
2026-05-25 02:59:28:     raise exc from None
2026-05-25 02:59:28:   File "C:\Users\USER\AppData\Local\Programs\Python\Python310\lib\site-packages\uvicorn\importer.py", line 19, in import_from_string
2026-05-25 02:59:28:     module = importlib.import_module(module_str)
2026-05-25 02:59:28:   File "C:\Users\USER\AppData\Local\Programs\Python\Python310\lib\importlib\__init__.py", line 126, in import_module
2026-05-25 02:59:28:     return _bootstrap._gcd_import(name[level:], package, level)
2026-05-25 02:59:28:   File "<frozen importlib._bootstrap>", line 1050, in _gcd_import
2026-05-25 02:59:28:   File "<frozen importlib._bootstrap>", line 1027, in _find_and_load
2026-05-25 02:59:28:   File "<frozen importlib._bootstrap>", line 1006, in _find_and_load_unlocked
2026-05-25 02:59:28:   File "<frozen importlib._bootstrap>", line 688, in _load_unlocked
2026-05-25 02:59:28:   File "<frozen importlib._bootstrap_external>", line 883, in exec_module
2026-05-25 02:59:28:   File "<frozen importlib._bootstrap>", line 241, in _call_with_frames_removed
2026-05-25 02:59:28:   File "C:\seismocluster\backend\api\main.py", line 8, in <module>
2026-05-25 02:59:28:     from api.routes import ml, earthquake, cluster, summary
2026-05-25 02:59:28:   File "C:\seismocluster\backend\api\routes\ml.py", line 4, in <module>
2026-05-25 02:59:28:     import mlflow
2026-05-25 02:59:28: ModuleNotFoundError: No module named 'mlflow'
2026-05-25 02:59:38: INFO:     Started server process [14596]
2026-05-25 02:59:38: INFO:     Waiting for application startup.
2026-05-25 02:59:39: INFO:     Application startup complete.
2026-05-25 02:59:39: INFO:     Uvicorn running on http://0.0.0.0:8000 (Press CTRL+C to quit)
